student_id,name,exam_no,exam_date,exam_label,total_score,max_score,percentage,rank,percentile
STU017,Ravi Tripathi,1,2024-01-15,JEE Main Mock 01,530,1132,46.82,1,100.0
STU041,Karan Menon,1,2024-01-15,JEE Main Mock 01,466,1132,41.17,2,98.99
STU093,Ashish Tripathi,1,2024-01-15,JEE Main Mock 01,461,1132,40.72,3,97.98
STU005,Shreya Iyer,1,2024-01-15,JEE Main Mock 01,446,1132,39.4,4,96.97
STU013,Pinki Verma,1,2024-01-15,JEE Main Mock 01,418,1132,36.93,5,95.96
STU010,Arjun Iyer,1,2024-01-15,JEE Main Mock 01,415,1132,36.66,6,94.95
STU040,Rohit Pandey,1,2024-01-15,JEE Main Mock 01,407,1132,35.95,7,93.94
STU036,Lakshay Tripathi,1,2024-01-15,JEE Main Mock 01,406,1132,35.87,8,92.93
STU012,Vishal Mehta,1,2024-01-15,JEE Main Mock 01,399,1132,35.25,9,91.92
STU054,Puja Bhat,1,2024-01-15,JEE Main Mock 01,394,1132,34.81,10,90.91
STU062,Om Bhat,1,2024-01-15,JEE Main Mock 01,391,1132,34.54,11,89.9
STU021,Sneha Shah,1,2024-01-15,JEE Main Mock 01,383,1132,33.83,12,88.89
STU050,Lokesh Mehta,1,2024-01-15,JEE Main Mock 01,378,1132,33.39,13,87.88
STU001,Rekha Kumar,1,2024-01-15,JEE Main Mock 01,374,1132,33.04,14,86.87
STU070,Aanya Verma,1,2024-01-15,JEE Main Mock 01,373,1132,32.95,15,85.86
STU057,Sneha Tiwari,1,2024-01-15,JEE Main Mock 01,371,1132,32.77,16,84.85
STU023,Krishna Bhat,1,2024-01-15,JEE Main Mock 01,369,1132,32.6,17,83.84
STU064,Shaurya Gupta,1,2024-01-15,JEE Main Mock 01,368,1132,32.51,18,82.83
STU014,Harsh Tripathi,1,2024-01-15,JEE Main Mock 01,366,1132,32.33,19,81.82
STU100,Kavya Shukla,1,2024-01-15,JEE Main Mock 01,360,1132,31.8,20,80.81
STU052,Naman Singh,1,2024-01-15,JEE Main Mock 01,354,1132,31.27,21,79.8
STU022,Krishna Joshi,1,2024-01-15,JEE Main Mock 01,353,1132,31.18,22,78.79
STU026,Parth Pillai,1,2024-01-15,JEE Main Mock 01,343,1132,30.3,23,77.78
STU051,Aadhya Pandey,1,2024-01-15,JEE Main Mock 01,343,1132,30.3,24,76.77
STU035,Shreya Shah,1,2024-01-15,JEE Main Mock 01,342,1132,30.21,25,75.76
STU007,Kiara Subramaniam,1,2024-01-15,JEE Main Mock 01,336,1132,29.68,26,74.75
STU032,Sumit Srivastava,1,2024-01-15,JEE Main Mock 01,336,1132,29.68,27,73.74
STU079,Suresh Rao,1,2024-01-15,JEE Main Mock 01,328,1132,28.98,28,72.73
STU003,Om Shukla,1,2024-01-15,JEE Main Mock 01,323,1132,28.53,29,71.72
STU016,Nisha Pandey,1,2024-01-15,JEE Main Mock 01,323,1132,28.53,30,70.71
STU024,Kabir Pillai,1,2024-01-15,JEE Main Mock 01,322,1132,28.45,31,69.7
STU098,Gaurav Nair,1,2024-01-15,JEE Main Mock 01,322,1132,28.45,32,68.69
STU081,Vihaan Saxena,1,2024-01-15,JEE Main Mock 01,321,1132,28.36,33,67.68
STU075,Vihaan Kaur,1,2024-01-15,JEE Main Mock 01,316,1132,27.92,34,66.67
STU009,Gaurav Shah,1,2024-01-15,JEE Main Mock 01,314,1132,27.74,35,65.66
STU031,Pooja Yadav,1,2024-01-15,JEE Main Mock 01,311,1132,27.47,36,64.65
STU073,Arnav Tiwari,1,2024-01-15,JEE Main Mock 01,307,1132,27.12,37,63.64
STU033,Lokesh Singh,1,2024-01-15,JEE Main Mock 01,306,1132,27.03,38,62.63
STU060,Suresh Agarwal,1,2024-01-15,JEE Main Mock 01,301,1132,26.59,39,61.62
STU004,Arnav Yadav,1,2024-01-15,JEE Main Mock 01,299,1132,26.41,40,60.61
STU018,Raj Saxena,1,2024-01-15,JEE Main Mock 01,299,1132,26.41,41,59.6
STU043,Naman Gupta,1,2024-01-15,JEE Main Mock 01,299,1132,26.41,42,58.59
STU056,Diya Reddy,1,2024-01-15,JEE Main Mock 01,298,1132,26.33,43,57.58
STU094,Savita Singh,1,2024-01-15,JEE Main Mock 01,287,1132,25.35,44,56.57
STU089,Pinki Saxena,1,2024-01-15,JEE Main Mock 01,284,1132,25.09,45,55.56
STU048,Aadhya Shah,1,2024-01-15,JEE Main Mock 01,283,1132,25.0,46,54.55
STU095,Arjun Tiwari,1,2024-01-15,JEE Main Mock 01,283,1132,25.0,47,53.54
STU080,Priya Krishnan,1,2024-01-15,JEE Main Mock 01,282,1132,24.91,48,52.53
STU002,Akash Verma,1,2024-01-15,JEE Main Mock 01,278,1132,24.56,49,51.52
STU085,Puja Chaturvedi,1,2024-01-15,JEE Main Mock 01,275,1132,24.29,50,50.51
STU015,Amit Menon,1,2024-01-15,JEE Main Mock 01,266,1132,23.5,51,49.49
STU025,Advik Kumar,1,2024-01-15,JEE Main Mock 01,260,1132,22.97,52,48.48
STU039,Sandeep Gupta,1,2024-01-15,JEE Main Mock 01,259,1132,22.88,53,47.47
STU042,Vivaan Kumar,1,2024-01-15,JEE Main Mock 01,258,1132,22.79,54,46.46
STU049,Amit Joshi,1,2024-01-15,JEE Main Mock 01,257,1132,22.7,55,45.45
STU065,Pawan Agarwal,1,2024-01-15,JEE Main Mock 01,257,1132,22.7,56,44.44
STU020,Savita Saxena,1,2024-01-15,JEE Main Mock 01,255,1132,22.53,57,43.43
STU029,Sumit Yadav,1,2024-01-15,JEE Main Mock 01,250,1132,22.08,58,42.42
STU011,Sunita Saxena,1,2024-01-15,JEE Main Mock 01,249,1132,22.0,59,41.41
STU071,Pinki Krishnan,1,2024-01-15,JEE Main Mock 01,246,1132,21.73,60,40.4
STU082,Anita Bhat,1,2024-01-15,JEE Main Mock 01,241,1132,21.29,61,39.39
STU083,Ritesh Menon,1,2024-01-15,JEE Main Mock 01,241,1132,21.29,62,38.38
STU067,Puja Pillai,1,2024-01-15,JEE Main Mock 01,239,1132,21.11,63,37.37
STU053,Sneha Reddy,1,2024-01-15,JEE Main Mock 01,236,1132,20.85,64,36.36
STU069,Amit Sharma,1,2024-01-15,JEE Main Mock 01,236,1132,20.85,65,35.35
STU027,Aanya Pandey,1,2024-01-15,JEE Main Mock 01,234,1132,20.67,66,34.34
STU045,Anaya Iyer,1,2024-01-15,JEE Main Mock 01,232,1132,20.49,67,33.33
STU088,Divya Sharma,1,2024-01-15,JEE Main Mock 01,231,1132,20.41,68,32.32
STU046,Radha Iyer,1,2024-01-15,JEE Main Mock 01,230,1132,20.32,69,31.31
STU038,Sandeep Dubey,1,2024-01-15,JEE Main Mock 01,227,1132,20.05,70,30.3
STU078,Pranav Mehta,1,2024-01-15,JEE Main Mock 01,226,1132,19.96,71,29.29
STU037,Priya Patel,1,2024-01-15,JEE Main Mock 01,223,1132,19.7,72,28.28
STU063,Rohit Rao,1,2024-01-15,JEE Main Mock 01,218,1132,19.26,73,27.27
STU092,Lokesh Iyer,1,2024-01-15,JEE Main Mock 01,218,1132,19.26,74,26.26
STU074,Diya Tripathi,1,2024-01-15,JEE Main Mock 01,214,1132,18.9,75,25.25
STU034,Shaurya Mehta,1,2024-01-15,JEE Main Mock 01,213,1132,18.82,76,24.24
STU099,Sai Bhat,1,2024-01-15,JEE Main Mock 01,210,1132,18.55,77,23.23
STU096,Pratik Reddy,1,2024-01-15,JEE Main Mock 01,207,1132,18.29,78,22.22
STU008,Lata Pandey,1,2024-01-15,JEE Main Mock 01,204,1132,18.02,79,21.21
STU059,Usha Sharma,1,2024-01-15,JEE Main Mock 01,204,1132,18.02,80,20.2
STU066,Harsh Saxena,1,2024-01-15,JEE Main Mock 01,202,1132,17.84,81,19.19
STU090,Neha Subramaniam,1,2024-01-15,JEE Main Mock 01,194,1132,17.14,82,18.18
STU006,Ritu Bhat,1,2024-01-15,JEE Main Mock 01,191,1132,16.87,83,17.17
STU047,Avni Krishnan,1,2024-01-15,JEE Main Mock 01,191,1132,16.87,84,16.16
STU097,Ishaan Verma,1,2024-01-15,JEE Main Mock 01,190,1132,16.78,85,15.15
STU087,Pratik Menon,1,2024-01-15,JEE Main Mock 01,181,1132,15.99,86,14.14
STU055,Naman Iyer,1,2024-01-15,JEE Main Mock 01,177,1132,15.64,87,13.13
STU077,Sai Patel,1,2024-01-15,JEE Main Mock 01,177,1132,15.64,88,12.12
STU076,Pratik Nair,1,2024-01-15,JEE Main Mock 01,172,1132,15.19,89,11.11
STU084,Navya Shah,1,2024-01-15,JEE Main Mock 01,151,1132,13.34,90,10.1
STU091,Arnav Iyer,1,2024-01-15,JEE Main Mock 01,136,1132,12.01,91,9.09
STU086,Dhruv Pillai,1,2024-01-15,JEE Main Mock 01,125,1132,11.04,92,8.08
STU028,Sunita Chaturvedi,1,2024-01-15,JEE Main Mock 01,122,1132,10.78,93,7.07
STU058,Varun Bhat,1,2024-01-15,JEE Main Mock 01,120,1132,10.6,94,6.06
STU072,Sunita Singh,1,2024-01-15,JEE Main Mock 01,112,1132,9.89,95,5.05
STU044,Meena Tiwari,1,2024-01-15,JEE Main Mock 01,107,1132,9.45,96,4.04
STU019,Isha Bhat,1,2024-01-15,JEE Main Mock 01,105,1132,9.28,97,3.03
STU030,Tanvi Mehta,1,2024-01-15,JEE Main Mock 01,62,1132,5.48,98,2.02
STU061,Ajay Chaturvedi,1,2024-01-15,JEE Main Mock 01,41,1132,3.62,99,1.01
STU068,Dev Joshi,1,2024-01-15,JEE Main Mock 01,9,1132,0.8,100,0.0
STU041,Karan Menon,2,2024-02-05,JEE Main Mock 02,558,1132,49.29,1,100.0
STU093,Ashish Tripathi,2,2024-02-05,JEE Main Mock 02,531,1132,46.91,2,98.99
STU015,Amit Menon,2,2024-02-05,JEE Main Mock 02,506,1132,44.7,3,97.98
STU054,Puja Bhat,2,2024-02-05,JEE Main Mock 02,499,1132,44.08,4,96.97
STU010,Arjun Iyer,2,2024-02-05,JEE Main Mock 02,496,1132,43.82,5,95.96
STU012,Vishal Mehta,2,2024-02-05,JEE Main Mock 02,481,1132,42.49,6,94.95
STU035,Shreya Shah,2,2024-02-05,JEE Main Mock 02,480,1132,42.4,7,93.94
STU013,Pinki Verma,2,2024-02-05,JEE Main Mock 02,475,1132,41.96,8,92.93
STU062,Om Bhat,2,2024-02-05,JEE Main Mock 02,469,1132,41.43,9,91.92
STU081,Vihaan Saxena,2,2024-02-05,JEE Main Mock 02,467,1132,41.25,10,90.91
STU098,Gaurav Nair,2,2024-02-05,JEE Main Mock 02,459,1132,40.55,11,89.9
STU021,Sneha Shah,2,2024-02-05,JEE Main Mock 02,444,1132,39.22,12,88.89
STU036,Lakshay Tripathi,2,2024-02-05,JEE Main Mock 02,441,1132,38.96,13,87.88
STU064,Shaurya Gupta,2,2024-02-05,JEE Main Mock 02,440,1132,38.87,14,86.87
STU001,Rekha Kumar,2,2024-02-05,JEE Main Mock 02,434,1132,38.34,15,85.86
STU005,Shreya Iyer,2,2024-02-05,JEE Main Mock 02,429,1132,37.9,16,84.85
STU042,Vivaan Kumar,2,2024-02-05,JEE Main Mock 02,428,1132,37.81,17,83.84
STU056,Diya Reddy,2,2024-02-05,JEE Main Mock 02,428,1132,37.81,18,82.83
STU017,Ravi Tripathi,2,2024-02-05,JEE Main Mock 02,427,1132,37.72,19,81.82
STU040,Rohit Pandey,2,2024-02-05,JEE Main Mock 02,427,1132,37.72,20,80.81
STU089,Pinki Saxena,2,2024-02-05,JEE Main Mock 02,421,1132,37.19,21,79.8
STU073,Arnav Tiwari,2,2024-02-05,JEE Main Mock 02,412,1132,36.4,22,78.79
STU085,Puja Chaturvedi,2,2024-02-05,JEE Main Mock 02,406,1132,35.87,23,77.78
STU100,Kavya Shukla,2,2024-02-05,JEE Main Mock 02,402,1132,35.51,24,76.77
STU016,Nisha Pandey,2,2024-02-05,JEE Main Mock 02,400,1132,35.34,25,75.76
STU080,Priya Krishnan,2,2024-02-05,JEE Main Mock 02,398,1132,35.16,26,74.75
STU037,Priya Patel,2,2024-02-05,JEE Main Mock 02,395,1132,34.89,27,73.74
STU002,Akash Verma,2,2024-02-05,JEE Main Mock 02,391,1132,34.54,28,72.73
STU029,Sumit Yadav,2,2024-02-05,JEE Main Mock 02,385,1132,34.01,29,71.72
STU051,Aadhya Pandey,2,2024-02-05,JEE Main Mock 02,384,1132,33.92,30,70.71
STU011,Sunita Saxena,2,2024-02-05,JEE Main Mock 02,383,1132,33.83,31,69.7
STU095,Arjun Tiwari,2,2024-02-05,JEE Main Mock 02,381,1132,33.66,32,68.69
STU018,Raj Saxena,2,2024-02-05,JEE Main Mock 02,376,1132,33.22,33,67.68
STU039,Sandeep Gupta,2,2024-02-05,JEE Main Mock 02,375,1132,33.13,34,66.67
STU025,Advik Kumar,2,2024-02-05,JEE Main Mock 02,374,1132,33.04,35,65.66
STU024,Kabir Pillai,2,2024-02-05,JEE Main Mock 02,372,1132,32.86,36,64.65
STU050,Lokesh Mehta,2,2024-02-05,JEE Main Mock 02,371,1132,32.77,37,63.64
STU032,Sumit Srivastava,2,2024-02-05,JEE Main Mock 02,370,1132,32.69,38,62.63
STU065,Pawan Agarwal,2,2024-02-05,JEE Main Mock 02,368,1132,32.51,39,61.62
STU009,Gaurav Shah,2,2024-02-05,JEE Main Mock 02,367,1132,32.42,40,60.61
STU027,Aanya Pandey,2,2024-02-05,JEE Main Mock 02,360,1132,31.8,41,59.6
STU031,Pooja Yadav,2,2024-02-05,JEE Main Mock 02,355,1132,31.36,42,58.59
STU022,Krishna Joshi,2,2024-02-05,JEE Main Mock 02,354,1132,31.27,43,57.58
STU092,Lokesh Iyer,2,2024-02-05,JEE Main Mock 02,350,1132,30.92,44,56.57
STU099,Sai Bhat,2,2024-02-05,JEE Main Mock 02,347,1132,30.65,45,55.56
STU074,Diya Tripathi,2,2024-02-05,JEE Main Mock 02,341,1132,30.12,46,54.55
STU094,Savita Singh,2,2024-02-05,JEE Main Mock 02,334,1132,29.51,47,53.54
STU052,Naman Singh,2,2024-02-05,JEE Main Mock 02,332,1132,29.33,48,52.53
STU070,Aanya Verma,2,2024-02-05,JEE Main Mock 02,331,1132,29.24,49,51.52
STU026,Parth Pillai,2,2024-02-05,JEE Main Mock 02,327,1132,28.89,50,50.51
STU049,Amit Joshi,2,2024-02-05,JEE Main Mock 02,325,1132,28.71,51,49.49
STU043,Naman Gupta,2,2024-02-05,JEE Main Mock 02,322,1132,28.45,52,48.48
STU048,Aadhya Shah,2,2024-02-05,JEE Main Mock 02,319,1132,28.18,53,47.47
STU057,Sneha Tiwari,2,2024-02-05,JEE Main Mock 02,316,1132,27.92,54,46.46
STU096,Pratik Reddy,2,2024-02-05,JEE Main Mock 02,315,1132,27.83,55,45.45
STU023,Krishna Bhat,2,2024-02-05,JEE Main Mock 02,313,1132,27.65,56,44.44
STU003,Om Shukla,2,2024-02-05,JEE Main Mock 02,307,1132,27.12,57,43.43
STU038,Sandeep Dubey,2,2024-02-05,JEE Main Mock 02,307,1132,27.12,58,42.42
STU082,Anita Bhat,2,2024-02-05,JEE Main Mock 02,307,1132,27.12,59,41.41
STU069,Amit Sharma,2,2024-02-05,JEE Main Mock 02,306,1132,27.03,60,40.4
STU004,Arnav Yadav,2,2024-02-05,JEE Main Mock 02,303,1132,26.77,61,39.39
STU079,Suresh Rao,2,2024-02-05,JEE Main Mock 02,301,1132,26.59,62,38.38
STU046,Radha Iyer,2,2024-02-05,JEE Main Mock 02,299,1132,26.41,63,37.37
STU006,Ritu Bhat,2,2024-02-05,JEE Main Mock 02,295,1132,26.06,64,36.36
STU033,Lokesh Singh,2,2024-02-05,JEE Main Mock 02,295,1132,26.06,65,35.35
STU060,Suresh Agarwal,2,2024-02-05,JEE Main Mock 02,295,1132,26.06,66,34.34
STU007,Kiara Subramaniam,2,2024-02-05,JEE Main Mock 02,294,1132,25.97,67,33.33
STU020,Savita Saxena,2,2024-02-05,JEE Main Mock 02,287,1132,25.35,68,32.32
STU063,Rohit Rao,2,2024-02-05,JEE Main Mock 02,282,1132,24.91,69,31.31
STU034,Shaurya Mehta,2,2024-02-05,JEE Main Mock 02,279,1132,24.65,70,30.3
STU078,Pranav Mehta,2,2024-02-05,JEE Main Mock 02,276,1132,24.38,71,29.29
STU075,Vihaan Kaur,2,2024-02-05,JEE Main Mock 02,275,1132,24.29,72,28.28
STU087,Pratik Menon,2,2024-02-05,JEE Main Mock 02,271,1132,23.94,73,27.27
STU008,Lata Pandey,2,2024-02-05,JEE Main Mock 02,269,1132,23.76,74,26.26
STU071,Pinki Krishnan,2,2024-02-05,JEE Main Mock 02,261,1132,23.06,75,25.25
STU067,Puja Pillai,2,2024-02-05,JEE Main Mock 02,260,1132,22.97,76,24.24
STU090,Neha Subramaniam,2,2024-02-05,JEE Main Mock 02,259,1132,22.88,77,23.23
STU055,Naman Iyer,2,2024-02-05,JEE Main Mock 02,257,1132,22.7,78,22.22
STU083,Ritesh Menon,2,2024-02-05,JEE Main Mock 02,255,1132,22.53,79,21.21
STU097,Ishaan Verma,2,2024-02-05,JEE Main Mock 02,254,1132,22.44,80,20.2
STU084,Navya Shah,2,2024-02-05,JEE Main Mock 02,253,1132,22.35,81,19.19
STU014,Harsh Tripathi,2,2024-02-05,JEE Main Mock 02,247,1132,21.82,82,18.18
STU047,Avni Krishnan,2,2024-02-05,JEE Main Mock 02,246,1132,21.73,83,17.17
STU077,Sai Patel,2,2024-02-05,JEE Main Mock 02,245,1132,21.64,84,16.16
STU028,Sunita Chaturvedi,2,2024-02-05,JEE Main Mock 02,244,1132,21.55,85,15.15
STU066,Harsh Saxena,2,2024-02-05,JEE Main Mock 02,243,1132,21.47,86,14.14
STU091,Arnav Iyer,2,2024-02-05,JEE Main Mock 02,237,1132,20.94,87,13.13
STU086,Dhruv Pillai,2,2024-02-05,JEE Main Mock 02,236,1132,20.85,88,12.12
STU053,Sneha Reddy,2,2024-02-05,JEE Main Mock 02,235,1132,20.76,89,11.11
STU045,Anaya Iyer,2,2024-02-05,JEE Main Mock 02,224,1132,19.79,90,10.1
STU058,Varun Bhat,2,2024-02-05,JEE Main Mock 02,219,1132,19.35,91,9.09
STU059,Usha Sharma,2,2024-02-05,JEE Main Mock 02,219,1132,19.35,92,8.08
STU088,Divya Sharma,2,2024-02-05,JEE Main Mock 02,182,1132,16.08,93,7.07
STU076,Pratik Nair,2,2024-02-05,JEE Main Mock 02,181,1132,15.99,94,6.06
STU044,Meena Tiwari,2,2024-02-05,JEE Main Mock 02,154,1132,13.6,95,5.05
STU019,Isha Bhat,2,2024-02-05,JEE Main Mock 02,144,1132,12.72,96,4.04
STU072,Sunita Singh,2,2024-02-05,JEE Main Mock 02,136,1132,12.01,97,3.03
STU068,Dev Joshi,2,2024-02-05,JEE Main Mock 02,131,1132,11.57,98,2.02
STU030,Tanvi Mehta,2,2024-02-05,JEE Main Mock 02,126,1132,11.13,99,1.01
STU061,Ajay Chaturvedi,2,2024-02-05,JEE Main Mock 02,74,1132,6.54,100,0.0
STU017,Ravi Tripathi,3,2024-02-26,JEE Main Mock 03,633,1132,55.92,1,100.0
STU005,Shreya Iyer,3,2024-02-26,JEE Main Mock 03,614,1132,54.24,2,98.99
STU093,Ashish Tripathi,3,2024-02-26,JEE Main Mock 03,588,1132,51.94,3,97.98
STU041,Karan Menon,3,2024-02-26,JEE Main Mock 03,567,1132,50.09,4,96.97
STU100,Kavya Shukla,3,2024-02-26,JEE Main Mock 03,532,1132,47.0,5,95.96
STU010,Arjun Iyer,3,2024-02-26,JEE Main Mock 03,531,1132,46.91,6,94.95
STU042,Vivaan Kumar,3,2024-02-26,JEE Main Mock 03,526,1132,46.47,7,93.94
STU062,Om Bhat,3,2024-02-26,JEE Main Mock 03,516,1132,45.58,8,92.93
STU012,Vishal Mehta,3,2024-02-26,JEE Main Mock 03,515,1132,45.49,9,91.92
STU035,Shreya Shah,3,2024-02-26,JEE Main Mock 03,508,1132,44.88,10,90.91
STU081,Vihaan Saxena,3,2024-02-26,JEE Main Mock 03,500,1132,44.17,11,89.9
STU054,Puja Bhat,3,2024-02-26,JEE Main Mock 03,497,1132,43.9,12,88.89
STU004,Arnav Yadav,3,2024-02-26,JEE Main Mock 03,495,1132,43.73,13,87.88
STU001,Rekha Kumar,3,2024-02-26,JEE Main Mock 03,482,1132,42.58,14,86.87
STU073,Arnav Tiwari,3,2024-02-26,JEE Main Mock 03,468,1132,41.34,15,85.86
STU098,Gaurav Nair,3,2024-02-26,JEE Main Mock 03,465,1132,41.08,16,84.85
STU036,Lakshay Tripathi,3,2024-02-26,JEE Main Mock 03,464,1132,40.99,17,83.84
STU015,Amit Menon,3,2024-02-26,JEE Main Mock 03,460,1132,40.64,18,82.83
STU026,Parth Pillai,3,2024-02-26,JEE Main Mock 03,454,1132,40.11,19,81.82
STU021,Sneha Shah,3,2024-02-26,JEE Main Mock 03,450,1132,39.75,20,80.81
STU085,Puja Chaturvedi,3,2024-02-26,JEE Main Mock 03,429,1132,37.9,21,79.8
STU089,Pinki Saxena,3,2024-02-26,JEE Main Mock 03,427,1132,37.72,22,78.79
STU009,Gaurav Shah,3,2024-02-26,JEE Main Mock 03,424,1132,37.46,23,77.78
STU024,Kabir Pillai,3,2024-02-26,JEE Main Mock 03,423,1132,37.37,24,76.77
STU013,Pinki Verma,3,2024-02-26,JEE Main Mock 03,419,1132,37.01,25,75.76
STU022,Krishna Joshi,3,2024-02-26,JEE Main Mock 03,419,1132,37.01,26,74.75
STU040,Rohit Pandey,3,2024-02-26,JEE Main Mock 03,419,1132,37.01,27,73.74
STU037,Priya Patel,3,2024-02-26,JEE Main Mock 03,417,1132,36.84,28,72.73
STU003,Om Shukla,3,2024-02-26,JEE Main Mock 03,414,1132,36.57,29,71.72
STU050,Lokesh Mehta,3,2024-02-26,JEE Main Mock 03,411,1132,36.31,30,70.71
STU079,Suresh Rao,3,2024-02-26,JEE Main Mock 03,408,1132,36.04,31,69.7
STU033,Lokesh Singh,3,2024-02-26,JEE Main Mock 03,401,1132,35.42,32,68.69
STU065,Pawan Agarwal,3,2024-02-26,JEE Main Mock 03,399,1132,35.25,33,67.68
STU018,Raj Saxena,3,2024-02-26,JEE Main Mock 03,398,1132,35.16,34,66.67
STU095,Arjun Tiwari,3,2024-02-26,JEE Main Mock 03,397,1132,35.07,35,65.66
STU031,Pooja Yadav,3,2024-02-26,JEE Main Mock 03,396,1132,34.98,36,64.65
STU047,Avni Krishnan,3,2024-02-26,JEE Main Mock 03,392,1132,34.63,37,63.64
STU082,Anita Bhat,3,2024-02-26,JEE Main Mock 03,391,1132,34.54,38,62.63
STU064,Shaurya Gupta,3,2024-02-26,JEE Main Mock 03,388,1132,34.28,39,61.62
STU080,Priya Krishnan,3,2024-02-26,JEE Main Mock 03,384,1132,33.92,40,60.61
STU051,Aadhya Pandey,3,2024-02-26,JEE Main Mock 03,381,1132,33.66,41,59.6
STU048,Aadhya Shah,3,2024-02-26,JEE Main Mock 03,377,1132,33.3,42,58.59
STU052,Naman Singh,3,2024-02-26,JEE Main Mock 03,377,1132,33.3,43,57.58
STU016,Nisha Pandey,3,2024-02-26,JEE Main Mock 03,375,1132,33.13,44,56.57
STU023,Krishna Bhat,3,2024-02-26,JEE Main Mock 03,374,1132,33.04,45,55.56
STU028,Sunita Chaturvedi,3,2024-02-26,JEE Main Mock 03,373,1132,32.95,46,54.55
STU099,Sai Bhat,3,2024-02-26,JEE Main Mock 03,372,1132,32.86,47,53.54
STU060,Suresh Agarwal,3,2024-02-26,JEE Main Mock 03,369,1132,32.6,48,52.53
STU007,Kiara Subramaniam,3,2024-02-26,JEE Main Mock 03,365,1132,32.24,49,51.52
STU032,Sumit Srivastava,3,2024-02-26,JEE Main Mock 03,364,1132,32.16,50,50.51
STU056,Diya Reddy,3,2024-02-26,JEE Main Mock 03,362,1132,31.98,51,49.49
STU014,Harsh Tripathi,3,2024-02-26,JEE Main Mock 03,361,1132,31.89,52,48.48
STU043,Naman Gupta,3,2024-02-26,JEE Main Mock 03,359,1132,31.71,53,47.47
STU070,Aanya Verma,3,2024-02-26,JEE Main Mock 03,354,1132,31.27,54,46.46
STU092,Lokesh Iyer,3,2024-02-26,JEE Main Mock 03,354,1132,31.27,55,45.45
STU075,Vihaan Kaur,3,2024-02-26,JEE Main Mock 03,353,1132,31.18,56,44.44
STU038,Sandeep Dubey,3,2024-02-26,JEE Main Mock 03,351,1132,31.01,57,43.43
STU049,Amit Joshi,3,2024-02-26,JEE Main Mock 03,351,1132,31.01,58,42.42
STU029,Sumit Yadav,3,2024-02-26,JEE Main Mock 03,346,1132,30.57,59,41.41
STU071,Pinki Krishnan,3,2024-02-26,JEE Main Mock 03,344,1132,30.39,60,40.4
STU077,Sai Patel,3,2024-02-26,JEE Main Mock 03,341,1132,30.12,61,39.39
STU027,Aanya Pandey,3,2024-02-26,JEE Main Mock 03,339,1132,29.95,62,38.38
STU002,Akash Verma,3,2024-02-26,JEE Main Mock 03,335,1132,29.59,63,37.37
STU008,Lata Pandey,3,2024-02-26,JEE Main Mock 03,335,1132,29.59,64,36.36
STU045,Anaya Iyer,3,2024-02-26,JEE Main Mock 03,335,1132,29.59,65,35.35
STU053,Sneha Reddy,3,2024-02-26,JEE Main Mock 03,335,1132,29.59,66,34.34
STU057,Sneha Tiwari,3,2024-02-26,JEE Main Mock 03,332,1132,29.33,67,33.33
STU069,Amit Sharma,3,2024-02-26,JEE Main Mock 03,329,1132,29.06,68,32.32
STU083,Ritesh Menon,3,2024-02-26,JEE Main Mock 03,326,1132,28.8,69,31.31
STU025,Advik Kumar,3,2024-02-26,JEE Main Mock 03,321,1132,28.36,70,30.3
STU094,Savita Singh,3,2024-02-26,JEE Main Mock 03,319,1132,28.18,71,29.29
STU006,Ritu Bhat,3,2024-02-26,JEE Main Mock 03,313,1132,27.65,72,28.28
STU097,Ishaan Verma,3,2024-02-26,JEE Main Mock 03,312,1132,27.56,73,27.27
STU078,Pranav Mehta,3,2024-02-26,JEE Main Mock 03,309,1132,27.3,74,26.26
STU066,Harsh Saxena,3,2024-02-26,JEE Main Mock 03,305,1132,26.94,75,25.25
STU039,Sandeep Gupta,3,2024-02-26,JEE Main Mock 03,304,1132,26.86,76,24.24
STU088,Divya Sharma,3,2024-02-26,JEE Main Mock 03,297,1132,26.24,77,23.23
STU011,Sunita Saxena,3,2024-02-26,JEE Main Mock 03,296,1132,26.15,78,22.22
STU067,Puja Pillai,3,2024-02-26,JEE Main Mock 03,296,1132,26.15,79,21.21
STU059,Usha Sharma,3,2024-02-26,JEE Main Mock 03,292,1132,25.8,80,20.2
STU034,Shaurya Mehta,3,2024-02-26,JEE Main Mock 03,291,1132,25.71,81,19.19
STU096,Pratik Reddy,3,2024-02-26,JEE Main Mock 03,287,1132,25.35,82,18.18
STU063,Rohit Rao,3,2024-02-26,JEE Main Mock 03,281,1132,24.82,83,17.17
STU086,Dhruv Pillai,3,2024-02-26,JEE Main Mock 03,281,1132,24.82,84,16.16
STU074,Diya Tripathi,3,2024-02-26,JEE Main Mock 03,274,1132,24.2,85,15.15
STU020,Savita Saxena,3,2024-02-26,JEE Main Mock 03,273,1132,24.12,86,14.14
STU076,Pratik Nair,3,2024-02-26,JEE Main Mock 03,272,1132,24.03,87,13.13
STU055,Naman Iyer,3,2024-02-26,JEE Main Mock 03,265,1132,23.41,88,12.12
STU091,Arnav Iyer,3,2024-02-26,JEE Main Mock 03,258,1132,22.79,89,11.11
STU046,Radha Iyer,3,2024-02-26,JEE Main Mock 03,247,1132,21.82,90,10.1
STU090,Neha Subramaniam,3,2024-02-26,JEE Main Mock 03,246,1132,21.73,91,9.09
STU087,Pratik Menon,3,2024-02-26,JEE Main Mock 03,242,1132,21.38,92,8.08
STU084,Navya Shah,3,2024-02-26,JEE Main Mock 03,240,1132,21.2,93,7.07
STU019,Isha Bhat,3,2024-02-26,JEE Main Mock 03,239,1132,21.11,94,6.06
STU044,Meena Tiwari,3,2024-02-26,JEE Main Mock 03,200,1132,17.67,95,5.05
STU072,Sunita Singh,3,2024-02-26,JEE Main Mock 03,188,1132,16.61,96,4.04
STU058,Varun Bhat,3,2024-02-26,JEE Main Mock 03,173,1132,15.28,97,3.03
STU030,Tanvi Mehta,3,2024-02-26,JEE Main Mock 03,147,1132,12.99,98,2.02
STU068,Dev Joshi,3,2024-02-26,JEE Main Mock 03,137,1132,12.1,99,1.01
STU061,Ajay Chaturvedi,3,2024-02-26,JEE Main Mock 03,113,1132,9.98,100,0.0
STU017,Ravi Tripathi,4,2024-03-18,JEE Main Mock 04,686,1132,60.6,1,100.0
STU010,Arjun Iyer,4,2024-03-18,JEE Main Mock 04,633,1132,55.92,2,98.99
STU054,Puja Bhat,4,2024-03-18,JEE Main Mock 04,617,1132,54.51,3,97.98
STU012,Vishal Mehta,4,2024-03-18,JEE Main Mock 04,609,1132,53.8,4,96.97
STU041,Karan Menon,4,2024-03-18,JEE Main Mock 04,609,1132,53.8,5,95.96
STU035,Shreya Shah,4,2024-03-18,JEE Main Mock 04,594,1132,52.47,6,94.95
STU093,Ashish Tripathi,4,2024-03-18,JEE Main Mock 04,585,1132,51.68,7,93.94
STU001,Rekha Kumar,4,2024-03-18,JEE Main Mock 04,571,1132,50.44,8,92.93
STU005,Shreya Iyer,4,2024-03-18,JEE Main Mock 04,541,1132,47.79,9,91.92
STU062,Om Bhat,4,2024-03-18,JEE Main Mock 04,541,1132,47.79,10,90.91
STU100,Kavya Shukla,4,2024-03-18,JEE Main Mock 04,541,1132,47.79,11,89.9
STU050,Lokesh Mehta,4,2024-03-18,JEE Main Mock 04,530,1132,46.82,12,88.89
STU015,Amit Menon,4,2024-03-18,JEE Main Mock 04,528,1132,46.64,13,87.88
STU013,Pinki Verma,4,2024-03-18,JEE Main Mock 04,508,1132,44.88,14,86.87
STU026,Parth Pillai,4,2024-03-18,JEE Main Mock 04,508,1132,44.88,15,85.86
STU064,Shaurya Gupta,4,2024-03-18,JEE Main Mock 04,501,1132,44.26,16,84.85
STU065,Pawan Agarwal,4,2024-03-18,JEE Main Mock 04,497,1132,43.9,17,83.84
STU022,Krishna Joshi,4,2024-03-18,JEE Main Mock 04,496,1132,43.82,18,82.83
STU098,Gaurav Nair,4,2024-03-18,JEE Main Mock 04,494,1132,43.64,19,81.82
STU016,Nisha Pandey,4,2024-03-18,JEE Main Mock 04,491,1132,43.37,20,80.81
STU021,Sneha Shah,4,2024-03-18,JEE Main Mock 04,491,1132,43.37,21,79.8
STU089,Pinki Saxena,4,2024-03-18,JEE Main Mock 04,486,1132,42.93,22,78.79
STU081,Vihaan Saxena,4,2024-03-18,JEE Main Mock 04,480,1132,42.4,23,77.78
STU037,Priya Patel,4,2024-03-18,JEE Main Mock 04,469,1132,41.43,24,76.77
STU040,Rohit Pandey,4,2024-03-18,JEE Main Mock 04,467,1132,41.25,25,75.76
STU002,Akash Verma,4,2024-03-18,JEE Main Mock 04,466,1132,41.17,26,74.75
STU080,Priya Krishnan,4,2024-03-18,JEE Main Mock 04,466,1132,41.17,27,73.74
STU036,Lakshay Tripathi,4,2024-03-18,JEE Main Mock 04,463,1132,40.9,28,72.73
STU032,Sumit Srivastava,4,2024-03-18,JEE Main Mock 04,461,1132,40.72,29,71.72
STU070,Aanya Verma,4,2024-03-18,JEE Main Mock 04,459,1132,40.55,30,70.71
STU085,Puja Chaturvedi,4,2024-03-18,JEE Main Mock 04,450,1132,39.75,31,69.7
STU042,Vivaan Kumar,4,2024-03-18,JEE Main Mock 04,446,1132,39.4,32,68.69
STU057,Sneha Tiwari,4,2024-03-18,JEE Main Mock 04,440,1132,38.87,33,67.68
STU079,Suresh Rao,4,2024-03-18,JEE Main Mock 04,436,1132,38.52,34,66.67
STU009,Gaurav Shah,4,2024-03-18,JEE Main Mock 04,435,1132,38.43,35,65.66
STU031,Pooja Yadav,4,2024-03-18,JEE Main Mock 04,435,1132,38.43,36,64.65
STU024,Kabir Pillai,4,2024-03-18,JEE Main Mock 04,434,1132,38.34,37,63.64
STU025,Advik Kumar,4,2024-03-18,JEE Main Mock 04,433,1132,38.25,38,62.63
STU071,Pinki Krishnan,4,2024-03-18,JEE Main Mock 04,429,1132,37.9,39,61.62
STU007,Kiara Subramaniam,4,2024-03-18,JEE Main Mock 04,427,1132,37.72,40,60.61
STU014,Harsh Tripathi,4,2024-03-18,JEE Main Mock 04,427,1132,37.72,41,59.6
STU073,Arnav Tiwari,4,2024-03-18,JEE Main Mock 04,425,1132,37.54,42,58.59
STU003,Om Shukla,4,2024-03-18,JEE Main Mock 04,424,1132,37.46,43,57.58
STU033,Lokesh Singh,4,2024-03-18,JEE Main Mock 04,419,1132,37.01,44,56.57
STU038,Sandeep Dubey,4,2024-03-18,JEE Main Mock 04,419,1132,37.01,45,55.56
STU004,Arnav Yadav,4,2024-03-18,JEE Main Mock 04,416,1132,36.75,46,54.55
STU048,Aadhya Shah,4,2024-03-18,JEE Main Mock 04,414,1132,36.57,47,53.54
STU056,Diya Reddy,4,2024-03-18,JEE Main Mock 04,413,1132,36.48,48,52.53
STU023,Krishna Bhat,4,2024-03-18,JEE Main Mock 04,407,1132,35.95,49,51.52
STU051,Aadhya Pandey,4,2024-03-18,JEE Main Mock 04,407,1132,35.95,50,50.51
STU006,Ritu Bhat,4,2024-03-18,JEE Main Mock 04,406,1132,35.87,51,49.49
STU043,Naman Gupta,4,2024-03-18,JEE Main Mock 04,404,1132,35.69,52,48.48
STU075,Vihaan Kaur,4,2024-03-18,JEE Main Mock 04,402,1132,35.51,53,47.47
STU052,Naman Singh,4,2024-03-18,JEE Main Mock 04,398,1132,35.16,54,46.46
STU060,Suresh Agarwal,4,2024-03-18,JEE Main Mock 04,394,1132,34.81,55,45.45
STU029,Sumit Yadav,4,2024-03-18,JEE Main Mock 04,393,1132,34.72,56,44.44
STU018,Raj Saxena,4,2024-03-18,JEE Main Mock 04,390,1132,34.45,57,43.43
STU083,Ritesh Menon,4,2024-03-18,JEE Main Mock 04,388,1132,34.28,58,42.42
STU069,Amit Sharma,4,2024-03-18,JEE Main Mock 04,382,1132,33.75,59,41.41
STU049,Amit Joshi,4,2024-03-18,JEE Main Mock 04,377,1132,33.3,60,40.4
STU097,Ishaan Verma,4,2024-03-18,JEE Main Mock 04,377,1132,33.3,61,39.39
STU045,Anaya Iyer,4,2024-03-18,JEE Main Mock 04,375,1132,33.13,62,38.38
STU091,Arnav Iyer,4,2024-03-18,JEE Main Mock 04,371,1132,32.77,63,37.37
STU020,Savita Saxena,4,2024-03-18,JEE Main Mock 04,370,1132,32.69,64,36.36
STU039,Sandeep Gupta,4,2024-03-18,JEE Main Mock 04,368,1132,32.51,65,35.35
STU053,Sneha Reddy,4,2024-03-18,JEE Main Mock 04,365,1132,32.24,66,34.34
STU063,Rohit Rao,4,2024-03-18,JEE Main Mock 04,365,1132,32.24,67,33.33
STU067,Puja Pillai,4,2024-03-18,JEE Main Mock 04,362,1132,31.98,68,32.32
STU094,Savita Singh,4,2024-03-18,JEE Main Mock 04,362,1132,31.98,69,31.31
STU099,Sai Bhat,4,2024-03-18,JEE Main Mock 04,360,1132,31.8,70,30.3
STU088,Divya Sharma,4,2024-03-18,JEE Main Mock 04,354,1132,31.27,71,29.29
STU096,Pratik Reddy,4,2024-03-18,JEE Main Mock 04,354,1132,31.27,72,28.28
STU095,Arjun Tiwari,4,2024-03-18,JEE Main Mock 04,353,1132,31.18,73,27.27
STU055,Naman Iyer,4,2024-03-18,JEE Main Mock 04,346,1132,30.57,74,26.26
STU011,Sunita Saxena,4,2024-03-18,JEE Main Mock 04,343,1132,30.3,75,25.25
STU034,Shaurya Mehta,4,2024-03-18,JEE Main Mock 04,339,1132,29.95,76,24.24
STU084,Navya Shah,4,2024-03-18,JEE Main Mock 04,338,1132,29.86,77,23.23
STU027,Aanya Pandey,4,2024-03-18,JEE Main Mock 04,327,1132,28.89,78,22.22
STU087,Pratik Menon,4,2024-03-18,JEE Main Mock 04,324,1132,28.62,79,21.21
STU059,Usha Sharma,4,2024-03-18,JEE Main Mock 04,319,1132,28.18,80,20.2
STU090,Neha Subramaniam,4,2024-03-18,JEE Main Mock 04,319,1132,28.18,81,19.19
STU074,Diya Tripathi,4,2024-03-18,JEE Main Mock 04,316,1132,27.92,82,18.18
STU046,Radha Iyer,4,2024-03-18,JEE Main Mock 04,315,1132,27.83,83,17.17
STU008,Lata Pandey,4,2024-03-18,JEE Main Mock 04,313,1132,27.65,84,16.16
STU082,Anita Bhat,4,2024-03-18,JEE Main Mock 04,309,1132,27.3,85,15.15
STU078,Pranav Mehta,4,2024-03-18,JEE Main Mock 04,304,1132,26.86,86,14.14
STU092,Lokesh Iyer,4,2024-03-18,JEE Main Mock 04,304,1132,26.86,87,13.13
STU066,Harsh Saxena,4,2024-03-18,JEE Main Mock 04,303,1132,26.77,88,12.12
STU044,Meena Tiwari,4,2024-03-18,JEE Main Mock 04,302,1132,26.68,89,11.11
STU086,Dhruv Pillai,4,2024-03-18,JEE Main Mock 04,276,1132,24.38,90,10.1
STU077,Sai Patel,4,2024-03-18,JEE Main Mock 04,275,1132,24.29,91,9.09
STU076,Pratik Nair,4,2024-03-18,JEE Main Mock 04,273,1132,24.12,92,8.08
STU047,Avni Krishnan,4,2024-03-18,JEE Main Mock 04,249,1132,22.0,93,7.07
STU058,Varun Bhat,4,2024-03-18,JEE Main Mock 04,244,1132,21.55,94,6.06
STU028,Sunita Chaturvedi,4,2024-03-18,JEE Main Mock 04,234,1132,20.67,95,5.05
STU019,Isha Bhat,4,2024-03-18,JEE Main Mock 04,193,1132,17.05,96,4.04
STU061,Ajay Chaturvedi,4,2024-03-18,JEE Main Mock 04,177,1132,15.64,97,3.03
STU072,Sunita Singh,4,2024-03-18,JEE Main Mock 04,155,1132,13.69,98,2.02
STU068,Dev Joshi,4,2024-03-18,JEE Main Mock 04,147,1132,12.99,99,1.01
STU030,Tanvi Mehta,4,2024-03-18,JEE Main Mock 04,126,1132,11.13,100,0.0
STU041,Karan Menon,5,2024-04-08,JEE Main Mock 05,698,1132,61.66,1,100.0
STU005,Shreya Iyer,5,2024-04-08,JEE Main Mock 05,657,1132,58.04,2,98.99
STU017,Ravi Tripathi,5,2024-04-08,JEE Main Mock 05,641,1132,56.63,3,97.98
STU093,Ashish Tripathi,5,2024-04-08,JEE Main Mock 05,633,1132,55.92,4,96.97
STU010,Arjun Iyer,5,2024-04-08,JEE Main Mock 05,610,1132,53.89,5,95.96
STU012,Vishal Mehta,5,2024-04-08,JEE Main Mock 05,603,1132,53.27,6,94.95
STU062,Om Bhat,5,2024-04-08,JEE Main Mock 05,587,1132,51.86,7,93.94
STU035,Shreya Shah,5,2024-04-08,JEE Main Mock 05,563,1132,49.73,8,92.93
STU023,Krishna Bhat,5,2024-04-08,JEE Main Mock 05,552,1132,48.76,9,91.92
STU100,Kavya Shukla,5,2024-04-08,JEE Main Mock 05,543,1132,47.97,10,90.91
STU001,Rekha Kumar,5,2024-04-08,JEE Main Mock 05,540,1132,47.7,11,89.9
STU036,Lakshay Tripathi,5,2024-04-08,JEE Main Mock 05,539,1132,47.61,12,88.89
STU050,Lokesh Mehta,5,2024-04-08,JEE Main Mock 05,537,1132,47.44,13,87.88
STU064,Shaurya Gupta,5,2024-04-08,JEE Main Mock 05,535,1132,47.26,14,86.87
STU015,Amit Menon,5,2024-04-08,JEE Main Mock 05,528,1132,46.64,15,85.86
STU081,Vihaan Saxena,5,2024-04-08,JEE Main Mock 05,519,1132,45.85,16,84.85
STU042,Vivaan Kumar,5,2024-04-08,JEE Main Mock 05,513,1132,45.32,17,83.84
STU065,Pawan Agarwal,5,2024-04-08,JEE Main Mock 05,506,1132,44.7,18,82.83
STU026,Parth Pillai,5,2024-04-08,JEE Main Mock 05,505,1132,44.61,19,81.82
STU040,Rohit Pandey,5,2024-04-08,JEE Main Mock 05,499,1132,44.08,20,80.81
STU085,Puja Chaturvedi,5,2024-04-08,JEE Main Mock 05,490,1132,43.29,21,79.8
STU089,Pinki Saxena,5,2024-04-08,JEE Main Mock 05,490,1132,43.29,22,78.79
STU009,Gaurav Shah,5,2024-04-08,JEE Main Mock 05,488,1132,43.11,23,77.78
STU032,Sumit Srivastava,5,2024-04-08,JEE Main Mock 05,487,1132,43.02,24,76.77
STU098,Gaurav Nair,5,2024-04-08,JEE Main Mock 05,486,1132,42.93,25,75.76
STU021,Sneha Shah,5,2024-04-08,JEE Main Mock 05,476,1132,42.05,26,74.75
STU002,Akash Verma,5,2024-04-08,JEE Main Mock 05,471,1132,41.61,27,73.74
STU033,Lokesh Singh,5,2024-04-08,JEE Main Mock 05,471,1132,41.61,28,72.73
STU054,Puja Bhat,5,2024-04-08,JEE Main Mock 05,469,1132,41.43,29,71.72
STU057,Sneha Tiwari,5,2024-04-08,JEE Main Mock 05,467,1132,41.25,30,70.71
STU080,Priya Krishnan,5,2024-04-08,JEE Main Mock 05,467,1132,41.25,31,69.7
STU056,Diya Reddy,5,2024-04-08,JEE Main Mock 05,465,1132,41.08,32,68.69
STU053,Sneha Reddy,5,2024-04-08,JEE Main Mock 05,464,1132,40.99,33,67.68
STU096,Pratik Reddy,5,2024-04-08,JEE Main Mock 05,462,1132,40.81,34,66.67
STU022,Krishna Joshi,5,2024-04-08,JEE Main Mock 05,456,1132,40.28,35,65.66
STU079,Suresh Rao,5,2024-04-08,JEE Main Mock 05,453,1132,40.02,36,64.65
STU088,Divya Sharma,5,2024-04-08,JEE Main Mock 05,451,1132,39.84,37,63.64
STU004,Arnav Yadav,5,2024-04-08,JEE Main Mock 05,449,1132,39.66,38,62.63
STU073,Arnav Tiwari,5,2024-04-08,JEE Main Mock 05,446,1132,39.4,39,61.62
STU051,Aadhya Pandey,5,2024-04-08,JEE Main Mock 05,445,1132,39.31,40,60.61
STU018,Raj Saxena,5,2024-04-08,JEE Main Mock 05,444,1132,39.22,41,59.6
STU014,Harsh Tripathi,5,2024-04-08,JEE Main Mock 05,441,1132,38.96,42,58.59
STU016,Nisha Pandey,5,2024-04-08,JEE Main Mock 05,432,1132,38.16,43,57.58
STU069,Amit Sharma,5,2024-04-08,JEE Main Mock 05,431,1132,38.07,44,56.57
STU024,Kabir Pillai,5,2024-04-08,JEE Main Mock 05,429,1132,37.9,45,55.56
STU013,Pinki Verma,5,2024-04-08,JEE Main Mock 05,428,1132,37.81,46,54.55
STU031,Pooja Yadav,5,2024-04-08,JEE Main Mock 05,426,1132,37.63,47,53.54
STU007,Kiara Subramaniam,5,2024-04-08,JEE Main Mock 05,422,1132,37.28,48,52.53
STU037,Priya Patel,5,2024-04-08,JEE Main Mock 05,420,1132,37.1,49,51.52
STU052,Naman Singh,5,2024-04-08,JEE Main Mock 05,418,1132,36.93,50,50.51
STU075,Vihaan Kaur,5,2024-04-08,JEE Main Mock 05,416,1132,36.75,51,49.49
STU078,Pranav Mehta,5,2024-04-08,JEE Main Mock 05,409,1132,36.13,52,48.48
STU049,Amit Joshi,5,2024-04-08,JEE Main Mock 05,407,1132,35.95,53,47.47
STU003,Om Shukla,5,2024-04-08,JEE Main Mock 05,406,1132,35.87,54,46.46
STU020,Savita Saxena,5,2024-04-08,JEE Main Mock 05,404,1132,35.69,55,45.45
STU076,Pratik Nair,5,2024-04-08,JEE Main Mock 05,399,1132,35.25,56,44.44
STU070,Aanya Verma,5,2024-04-08,JEE Main Mock 05,398,1132,35.16,57,43.43
STU095,Arjun Tiwari,5,2024-04-08,JEE Main Mock 05,398,1132,35.16,58,42.42
STU039,Sandeep Gupta,5,2024-04-08,JEE Main Mock 05,393,1132,34.72,59,41.41
STU094,Savita Singh,5,2024-04-08,JEE Main Mock 05,393,1132,34.72,60,40.4
STU048,Aadhya Shah,5,2024-04-08,JEE Main Mock 05,388,1132,34.28,61,39.39
STU063,Rohit Rao,5,2024-04-08,JEE Main Mock 05,386,1132,34.1,62,38.38
STU083,Ritesh Menon,5,2024-04-08,JEE Main Mock 05,385,1132,34.01,63,37.37
STU045,Anaya Iyer,5,2024-04-08,JEE Main Mock 05,380,1132,33.57,64,36.36
STU074,Diya Tripathi,5,2024-04-08,JEE Main Mock 05,380,1132,33.57,65,35.35
STU092,Lokesh Iyer,5,2024-04-08,JEE Main Mock 05,380,1132,33.57,66,34.34
STU027,Aanya Pandey,5,2024-04-08,JEE Main Mock 05,377,1132,33.3,67,33.33
STU097,Ishaan Verma,5,2024-04-08,JEE Main Mock 05,373,1132,32.95,68,32.32
STU099,Sai Bhat,5,2024-04-08,JEE Main Mock 05,373,1132,32.95,69,31.31
STU029,Sumit Yadav,5,2024-04-08,JEE Main Mock 05,369,1132,32.6,70,30.3
STU082,Anita Bhat,5,2024-04-08,JEE Main Mock 05,365,1132,32.24,71,29.29
STU011,Sunita Saxena,5,2024-04-08,JEE Main Mock 05,363,1132,32.07,72,28.28
STU077,Sai Patel,5,2024-04-08,JEE Main Mock 05,361,1132,31.89,73,27.27
STU038,Sandeep Dubey,5,2024-04-08,JEE Main Mock 05,360,1132,31.8,74,26.26
STU087,Pratik Menon,5,2024-04-08,JEE Main Mock 05,359,1132,31.71,75,25.25
STU025,Advik Kumar,5,2024-04-08,JEE Main Mock 05,354,1132,31.27,76,24.24
STU043,Naman Gupta,5,2024-04-08,JEE Main Mock 05,348,1132,30.74,77,23.23
STU046,Radha Iyer,5,2024-04-08,JEE Main Mock 05,345,1132,30.48,78,22.22
STU071,Pinki Krishnan,5,2024-04-08,JEE Main Mock 05,345,1132,30.48,79,21.21
STU060,Suresh Agarwal,5,2024-04-08,JEE Main Mock 05,343,1132,30.3,80,20.2
STU028,Sunita Chaturvedi,5,2024-04-08,JEE Main Mock 05,341,1132,30.12,81,19.19
STU008,Lata Pandey,5,2024-04-08,JEE Main Mock 05,336,1132,29.68,82,18.18
STU086,Dhruv Pillai,5,2024-04-08,JEE Main Mock 05,334,1132,29.51,83,17.17
STU006,Ritu Bhat,5,2024-04-08,JEE Main Mock 05,330,1132,29.15,84,16.16
STU034,Shaurya Mehta,5,2024-04-08,JEE Main Mock 05,329,1132,29.06,85,15.15
STU090,Neha Subramaniam,5,2024-04-08,JEE Main Mock 05,329,1132,29.06,86,14.14
STU091,Arnav Iyer,5,2024-04-08,JEE Main Mock 05,328,1132,28.98,87,13.13
STU059,Usha Sharma,5,2024-04-08,JEE Main Mock 05,312,1132,27.56,88,12.12
STU067,Puja Pillai,5,2024-04-08,JEE Main Mock 05,312,1132,27.56,89,11.11
STU084,Navya Shah,5,2024-04-08,JEE Main Mock 05,300,1132,26.5,90,10.1
STU055,Naman Iyer,5,2024-04-08,JEE Main Mock 05,295,1132,26.06,91,9.09
STU066,Harsh Saxena,5,2024-04-08,JEE Main Mock 05,290,1132,25.62,92,8.08
STU044,Meena Tiwari,5,2024-04-08,JEE Main Mock 05,257,1132,22.7,93,7.07
STU047,Avni Krishnan,5,2024-04-08,JEE Main Mock 05,247,1132,21.82,94,6.06
STU058,Varun Bhat,5,2024-04-08,JEE Main Mock 05,246,1132,21.73,95,5.05
STU019,Isha Bhat,5,2024-04-08,JEE Main Mock 05,227,1132,20.05,96,4.04
STU072,Sunita Singh,5,2024-04-08,JEE Main Mock 05,184,1132,16.25,97,3.03
STU030,Tanvi Mehta,5,2024-04-08,JEE Main Mock 05,136,1132,12.01,98,2.02
STU061,Ajay Chaturvedi,5,2024-04-08,JEE Main Mock 05,136,1132,12.01,99,1.01
STU068,Dev Joshi,5,2024-04-08,JEE Main Mock 05,95,1132,8.39,100,0.0
STU041,Karan Menon,6,2024-04-29,JEE Main Mock 06,691,1132,61.04,1,100.0
STU017,Ravi Tripathi,6,2024-04-29,JEE Main Mock 06,662,1132,58.48,2,98.99
STU012,Vishal Mehta,6,2024-04-29,JEE Main Mock 06,605,1132,53.45,3,97.98
STU005,Shreya Iyer,6,2024-04-29,JEE Main Mock 06,601,1132,53.09,4,96.97
STU001,Rekha Kumar,6,2024-04-29,JEE Main Mock 06,597,1132,52.74,5,95.96
STU054,Puja Bhat,6,2024-04-29,JEE Main Mock 06,595,1132,52.56,6,94.95
STU062,Om Bhat,6,2024-04-29,JEE Main Mock 06,587,1132,51.86,7,93.94
STU093,Ashish Tripathi,6,2024-04-29,JEE Main Mock 06,579,1132,51.15,8,92.93
STU010,Arjun Iyer,6,2024-04-29,JEE Main Mock 06,574,1132,50.71,9,91.92
STU036,Lakshay Tripathi,6,2024-04-29,JEE Main Mock 06,573,1132,50.62,10,90.91
STU081,Vihaan Saxena,6,2024-04-29,JEE Main Mock 06,521,1132,46.02,11,89.9
STU035,Shreya Shah,6,2024-04-29,JEE Main Mock 06,519,1132,45.85,12,88.89
STU094,Savita Singh,6,2024-04-29,JEE Main Mock 06,519,1132,45.85,13,87.88
STU004,Arnav Yadav,6,2024-04-29,JEE Main Mock 06,517,1132,45.67,14,86.87
STU064,Shaurya Gupta,6,2024-04-29,JEE Main Mock 06,517,1132,45.67,15,85.86
STU026,Parth Pillai,6,2024-04-29,JEE Main Mock 06,515,1132,45.49,16,84.85
STU042,Vivaan Kumar,6,2024-04-29,JEE Main Mock 06,514,1132,45.41,17,83.84
STU014,Harsh Tripathi,6,2024-04-29,JEE Main Mock 06,511,1132,45.14,18,82.83
STU098,Gaurav Nair,6,2024-04-29,JEE Main Mock 06,509,1132,44.96,19,81.82
STU018,Raj Saxena,6,2024-04-29,JEE Main Mock 06,507,1132,44.79,20,80.81
STU015,Amit Menon,6,2024-04-29,JEE Main Mock 06,505,1132,44.61,21,79.8
STU032,Sumit Srivastava,6,2024-04-29,JEE Main Mock 06,502,1132,44.35,22,78.79
STU009,Gaurav Shah,6,2024-04-29,JEE Main Mock 06,500,1132,44.17,23,77.78
STU100,Kavya Shukla,6,2024-04-29,JEE Main Mock 06,498,1132,43.99,24,76.77
STU050,Lokesh Mehta,6,2024-04-29,JEE Main Mock 06,496,1132,43.82,25,75.76
STU063,Rohit Rao,6,2024-04-29,JEE Main Mock 06,496,1132,43.82,26,74.75
STU096,Pratik Reddy,6,2024-04-29,JEE Main Mock 06,496,1132,43.82,27,73.74
STU022,Krishna Joshi,6,2024-04-29,JEE Main Mock 06,494,1132,43.64,28,72.73
STU013,Pinki Verma,6,2024-04-29,JEE Main Mock 06,485,1132,42.84,29,71.72
STU048,Aadhya Shah,6,2024-04-29,JEE Main Mock 06,484,1132,42.76,30,70.71
STU025,Advik Kumar,6,2024-04-29,JEE Main Mock 06,483,1132,42.67,31,69.7
STU085,Puja Chaturvedi,6,2024-04-29,JEE Main Mock 06,483,1132,42.67,32,68.69
STU021,Sneha Shah,6,2024-04-29,JEE Main Mock 06,476,1132,42.05,33,67.68
STU002,Akash Verma,6,2024-04-29,JEE Main Mock 06,469,1132,41.43,34,66.67
STU024,Kabir Pillai,6,2024-04-29,JEE Main Mock 06,469,1132,41.43,35,65.66
STU051,Aadhya Pandey,6,2024-04-29,JEE Main Mock 06,464,1132,40.99,36,64.65
STU016,Nisha Pandey,6,2024-04-29,JEE Main Mock 06,461,1132,40.72,37,63.64
STU057,Sneha Tiwari,6,2024-04-29,JEE Main Mock 06,461,1132,40.72,38,62.63
STU075,Vihaan Kaur,6,2024-04-29,JEE Main Mock 06,459,1132,40.55,39,61.62
STU089,Pinki Saxena,6,2024-04-29,JEE Main Mock 06,459,1132,40.55,40,60.61
STU040,Rohit Pandey,6,2024-04-29,JEE Main Mock 06,456,1132,40.28,41,59.6
STU073,Arnav Tiwari,6,2024-04-29,JEE Main Mock 06,454,1132,40.11,42,58.59
STU023,Krishna Bhat,6,2024-04-29,JEE Main Mock 06,452,1132,39.93,43,57.58
STU007,Kiara Subramaniam,6,2024-04-29,JEE Main Mock 06,450,1132,39.75,44,56.57
STU052,Naman Singh,6,2024-04-29,JEE Main Mock 06,444,1132,39.22,45,55.56
STU033,Lokesh Singh,6,2024-04-29,JEE Main Mock 06,443,1132,39.13,46,54.55
STU083,Ritesh Menon,6,2024-04-29,JEE Main Mock 06,443,1132,39.13,47,53.54
STU039,Sandeep Gupta,6,2024-04-29,JEE Main Mock 06,442,1132,39.05,48,52.53
STU079,Suresh Rao,6,2024-04-29,JEE Main Mock 06,440,1132,38.87,49,51.52
STU080,Priya Krishnan,6,2024-04-29,JEE Main Mock 06,435,1132,38.43,50,50.51
STU067,Puja Pillai,6,2024-04-29,JEE Main Mock 06,429,1132,37.9,51,49.49
STU070,Aanya Verma,6,2024-04-29,JEE Main Mock 06,428,1132,37.81,52,48.48
STU074,Diya Tripathi,6,2024-04-29,JEE Main Mock 06,427,1132,37.72,53,47.47
STU037,Priya Patel,6,2024-04-29,JEE Main Mock 06,426,1132,37.63,54,46.46
STU006,Ritu Bhat,6,2024-04-29,JEE Main Mock 06,425,1132,37.54,55,45.45
STU031,Pooja Yadav,6,2024-04-29,JEE Main Mock 06,421,1132,37.19,56,44.44
STU091,Arnav Iyer,6,2024-04-29,JEE Main Mock 06,419,1132,37.01,57,43.43
STU029,Sumit Yadav,6,2024-04-29,JEE Main Mock 06,414,1132,36.57,58,42.42
STU056,Diya Reddy,6,2024-04-29,JEE Main Mock 06,412,1132,36.4,59,41.41
STU069,Amit Sharma,6,2024-04-29,JEE Main Mock 06,412,1132,36.4,60,40.4
STU020,Savita Saxena,6,2024-04-29,JEE Main Mock 06,411,1132,36.31,61,39.39
STU099,Sai Bhat,6,2024-04-29,JEE Main Mock 06,410,1132,36.22,62,38.38
STU003,Om Shukla,6,2024-04-29,JEE Main Mock 06,406,1132,35.87,63,37.37
STU090,Neha Subramaniam,6,2024-04-29,JEE Main Mock 06,406,1132,35.87,64,36.36
STU065,Pawan Agarwal,6,2024-04-29,JEE Main Mock 06,401,1132,35.42,65,35.35
STU046,Radha Iyer,6,2024-04-29,JEE Main Mock 06,400,1132,35.34,66,34.34
STU060,Suresh Agarwal,6,2024-04-29,JEE Main Mock 06,400,1132,35.34,67,33.33
STU088,Divya Sharma,6,2024-04-29,JEE Main Mock 06,400,1132,35.34,68,32.32
STU087,Pratik Menon,6,2024-04-29,JEE Main Mock 06,394,1132,34.81,69,31.31
STU092,Lokesh Iyer,6,2024-04-29,JEE Main Mock 06,387,1132,34.19,70,30.3
STU053,Sneha Reddy,6,2024-04-29,JEE Main Mock 06,386,1132,34.1,71,29.29
STU059,Usha Sharma,6,2024-04-29,JEE Main Mock 06,385,1132,34.01,72,28.28
STU095,Arjun Tiwari,6,2024-04-29,JEE Main Mock 06,382,1132,33.75,73,27.27
STU049,Amit Joshi,6,2024-04-29,JEE Main Mock 06,381,1132,33.66,74,26.26
STU047,Avni Krishnan,6,2024-04-29,JEE Main Mock 06,380,1132,33.57,75,25.25
STU077,Sai Patel,6,2024-04-29,JEE Main Mock 06,380,1132,33.57,76,24.24
STU038,Sandeep Dubey,6,2024-04-29,JEE Main Mock 06,377,1132,33.3,77,23.23
STU082,Anita Bhat,6,2024-04-29,JEE Main Mock 06,377,1132,33.3,78,22.22
STU011,Sunita Saxena,6,2024-04-29,JEE Main Mock 06,374,1132,33.04,79,21.21
STU043,Naman Gupta,6,2024-04-29,JEE Main Mock 06,374,1132,33.04,80,20.2
STU019,Isha Bhat,6,2024-04-29,JEE Main Mock 06,373,1132,32.95,81,19.19
STU034,Shaurya Mehta,6,2024-04-29,JEE Main Mock 06,371,1132,32.77,82,18.18
STU028,Sunita Chaturvedi,6,2024-04-29,JEE Main Mock 06,367,1132,32.42,83,17.17
STU071,Pinki Krishnan,6,2024-04-29,JEE Main Mock 06,367,1132,32.42,84,16.16
STU027,Aanya Pandey,6,2024-04-29,JEE Main Mock 06,362,1132,31.98,85,15.15
STU055,Naman Iyer,6,2024-04-29,JEE Main Mock 06,358,1132,31.63,86,14.14
STU078,Pranav Mehta,6,2024-04-29,JEE Main Mock 06,351,1132,31.01,87,13.13
STU045,Anaya Iyer,6,2024-04-29,JEE Main Mock 06,344,1132,30.39,88,12.12
STU066,Harsh Saxena,6,2024-04-29,JEE Main Mock 06,343,1132,30.3,89,11.11
STU008,Lata Pandey,6,2024-04-29,JEE Main Mock 06,342,1132,30.21,90,10.1
STU084,Navya Shah,6,2024-04-29,JEE Main Mock 06,339,1132,29.95,91,9.09
STU097,Ishaan Verma,6,2024-04-29,JEE Main Mock 06,335,1132,29.59,92,8.08
STU086,Dhruv Pillai,6,2024-04-29,JEE Main Mock 06,334,1132,29.51,93,7.07
STU044,Meena Tiwari,6,2024-04-29,JEE Main Mock 06,299,1132,26.41,94,6.06
STU076,Pratik Nair,6,2024-04-29,JEE Main Mock 06,286,1132,25.27,95,5.05
STU058,Varun Bhat,6,2024-04-29,JEE Main Mock 06,224,1132,19.79,96,4.04
STU072,Sunita Singh,6,2024-04-29,JEE Main Mock 06,223,1132,19.7,97,3.03
STU061,Ajay Chaturvedi,6,2024-04-29,JEE Main Mock 06,219,1132,19.35,98,2.02
STU068,Dev Joshi,6,2024-04-29,JEE Main Mock 06,206,1132,18.2,99,1.01
STU030,Tanvi Mehta,6,2024-04-29,JEE Main Mock 06,203,1132,17.93,100,0.0
STU041,Karan Menon,7,2024-05-20,JEE Main Mock 07,743,1132,65.64,1,100.0
STU093,Ashish Tripathi,7,2024-05-20,JEE Main Mock 07,703,1132,62.1,2,98.99
STU010,Arjun Iyer,7,2024-05-20,JEE Main Mock 07,652,1132,57.6,3,97.98
STU001,Rekha Kumar,7,2024-05-20,JEE Main Mock 07,636,1132,56.18,4,96.97
STU035,Shreya Shah,7,2024-05-20,JEE Main Mock 07,630,1132,55.65,5,95.96
STU017,Ravi Tripathi,7,2024-05-20,JEE Main Mock 07,625,1132,55.21,6,94.95
STU012,Vishal Mehta,7,2024-05-20,JEE Main Mock 07,621,1132,54.86,7,93.94
STU005,Shreya Iyer,7,2024-05-20,JEE Main Mock 07,616,1132,54.42,8,92.93
STU062,Om Bhat,7,2024-05-20,JEE Main Mock 07,615,1132,54.33,9,91.92
STU073,Arnav Tiwari,7,2024-05-20,JEE Main Mock 07,612,1132,54.06,10,90.91
STU054,Puja Bhat,7,2024-05-20,JEE Main Mock 07,600,1132,53.0,11,89.9
STU036,Lakshay Tripathi,7,2024-05-20,JEE Main Mock 07,597,1132,52.74,12,88.89
STU023,Krishna Bhat,7,2024-05-20,JEE Main Mock 07,593,1132,52.39,13,87.88
STU013,Pinki Verma,7,2024-05-20,JEE Main Mock 07,582,1132,51.41,14,86.87
STU098,Gaurav Nair,7,2024-05-20,JEE Main Mock 07,577,1132,50.97,15,85.86
STU009,Gaurav Shah,7,2024-05-20,JEE Main Mock 07,567,1132,50.09,16,84.85
STU021,Sneha Shah,7,2024-05-20,JEE Main Mock 07,560,1132,49.47,17,83.84
STU026,Parth Pillai,7,2024-05-20,JEE Main Mock 07,556,1132,49.12,18,82.83
STU015,Amit Menon,7,2024-05-20,JEE Main Mock 07,550,1132,48.59,19,81.82
STU022,Krishna Joshi,7,2024-05-20,JEE Main Mock 07,545,1132,48.14,20,80.81
STU048,Aadhya Shah,7,2024-05-20,JEE Main Mock 07,544,1132,48.06,21,79.8
STU057,Sneha Tiwari,7,2024-05-20,JEE Main Mock 07,540,1132,47.7,22,78.79
STU064,Shaurya Gupta,7,2024-05-20,JEE Main Mock 07,537,1132,47.44,23,77.78
STU100,Kavya Shukla,7,2024-05-20,JEE Main Mock 07,535,1132,47.26,24,76.77
STU004,Arnav Yadav,7,2024-05-20,JEE Main Mock 07,511,1132,45.14,25,75.76
STU085,Puja Chaturvedi,7,2024-05-20,JEE Main Mock 07,509,1132,44.96,26,74.75
STU094,Savita Singh,7,2024-05-20,JEE Main Mock 07,508,1132,44.88,27,73.74
STU018,Raj Saxena,7,2024-05-20,JEE Main Mock 07,507,1132,44.79,28,72.73
STU032,Sumit Srivastava,7,2024-05-20,JEE Main Mock 07,507,1132,44.79,29,71.72
STU024,Kabir Pillai,7,2024-05-20,JEE Main Mock 07,505,1132,44.61,30,70.71
STU014,Harsh Tripathi,7,2024-05-20,JEE Main Mock 07,502,1132,44.35,31,69.7
STU007,Kiara Subramaniam,7,2024-05-20,JEE Main Mock 07,501,1132,44.26,32,68.69
STU096,Pratik Reddy,7,2024-05-20,JEE Main Mock 07,500,1132,44.17,33,67.68
STU016,Nisha Pandey,7,2024-05-20,JEE Main Mock 07,499,1132,44.08,34,66.67
STU040,Rohit Pandey,7,2024-05-20,JEE Main Mock 07,499,1132,44.08,35,65.66
STU081,Vihaan Saxena,7,2024-05-20,JEE Main Mock 07,499,1132,44.08,36,64.65
STU002,Akash Verma,7,2024-05-20,JEE Main Mock 07,497,1132,43.9,37,63.64
STU033,Lokesh Singh,7,2024-05-20,JEE Main Mock 07,496,1132,43.82,38,62.63
STU042,Vivaan Kumar,7,2024-05-20,JEE Main Mock 07,495,1132,43.73,39,61.62
STU056,Diya Reddy,7,2024-05-20,JEE Main Mock 07,488,1132,43.11,40,60.61
STU049,Amit Joshi,7,2024-05-20,JEE Main Mock 07,484,1132,42.76,41,59.6
STU029,Sumit Yadav,7,2024-05-20,JEE Main Mock 07,483,1132,42.67,42,58.59
STU063,Rohit Rao,7,2024-05-20,JEE Main Mock 07,482,1132,42.58,43,57.58
STU079,Suresh Rao,7,2024-05-20,JEE Main Mock 07,482,1132,42.58,44,56.57
STU050,Lokesh Mehta,7,2024-05-20,JEE Main Mock 07,481,1132,42.49,45,55.56
STU020,Savita Saxena,7,2024-05-20,JEE Main Mock 07,471,1132,41.61,46,54.55
STU089,Pinki Saxena,7,2024-05-20,JEE Main Mock 07,469,1132,41.43,47,53.54
STU075,Vihaan Kaur,7,2024-05-20,JEE Main Mock 07,464,1132,40.99,48,52.53
STU078,Pranav Mehta,7,2024-05-20,JEE Main Mock 07,462,1132,40.81,49,51.52
STU031,Pooja Yadav,7,2024-05-20,JEE Main Mock 07,461,1132,40.72,50,50.51
STU070,Aanya Verma,7,2024-05-20,JEE Main Mock 07,459,1132,40.55,51,49.49
STU080,Priya Krishnan,7,2024-05-20,JEE Main Mock 07,459,1132,40.55,52,48.48
STU088,Divya Sharma,7,2024-05-20,JEE Main Mock 07,458,1132,40.46,53,47.47
STU003,Om Shukla,7,2024-05-20,JEE Main Mock 07,455,1132,40.19,54,46.46
STU051,Aadhya Pandey,7,2024-05-20,JEE Main Mock 07,446,1132,39.4,55,45.45
STU065,Pawan Agarwal,7,2024-05-20,JEE Main Mock 07,444,1132,39.22,56,44.44
STU037,Priya Patel,7,2024-05-20,JEE Main Mock 07,440,1132,38.87,57,43.43
STU071,Pinki Krishnan,7,2024-05-20,JEE Main Mock 07,440,1132,38.87,58,42.42
STU027,Aanya Pandey,7,2024-05-20,JEE Main Mock 07,423,1132,37.37,59,41.41
STU082,Anita Bhat,7,2024-05-20,JEE Main Mock 07,422,1132,37.28,60,40.4
STU092,Lokesh Iyer,7,2024-05-20,JEE Main Mock 07,413,1132,36.48,61,39.39
STU053,Sneha Reddy,7,2024-05-20,JEE Main Mock 07,412,1132,36.4,62,38.38
STU074,Diya Tripathi,7,2024-05-20,JEE Main Mock 07,409,1132,36.13,63,37.37
STU025,Advik Kumar,7,2024-05-20,JEE Main Mock 07,408,1132,36.04,64,36.36
STU087,Pratik Menon,7,2024-05-20,JEE Main Mock 07,403,1132,35.6,65,35.35
STU008,Lata Pandey,7,2024-05-20,JEE Main Mock 07,401,1132,35.42,66,34.34
STU059,Usha Sharma,7,2024-05-20,JEE Main Mock 07,399,1132,35.25,67,33.33
STU083,Ritesh Menon,7,2024-05-20,JEE Main Mock 07,398,1132,35.16,68,32.32
STU099,Sai Bhat,7,2024-05-20,JEE Main Mock 07,395,1132,34.89,69,31.31
STU052,Naman Singh,7,2024-05-20,JEE Main Mock 07,391,1132,34.54,70,30.3
STU011,Sunita Saxena,7,2024-05-20,JEE Main Mock 07,390,1132,34.45,71,29.29
STU095,Arjun Tiwari,7,2024-05-20,JEE Main Mock 07,389,1132,34.36,72,28.28
STU097,Ishaan Verma,7,2024-05-20,JEE Main Mock 07,386,1132,34.1,73,27.27
STU086,Dhruv Pillai,7,2024-05-20,JEE Main Mock 07,383,1132,33.83,74,26.26
STU039,Sandeep Gupta,7,2024-05-20,JEE Main Mock 07,381,1132,33.66,75,25.25
STU046,Radha Iyer,7,2024-05-20,JEE Main Mock 07,381,1132,33.66,76,24.24
STU043,Naman Gupta,7,2024-05-20,JEE Main Mock 07,378,1132,33.39,77,23.23
STU034,Shaurya Mehta,7,2024-05-20,JEE Main Mock 07,371,1132,32.77,78,22.22
STU076,Pratik Nair,7,2024-05-20,JEE Main Mock 07,365,1132,32.24,79,21.21
STU060,Suresh Agarwal,7,2024-05-20,JEE Main Mock 07,358,1132,31.63,80,20.2
STU006,Ritu Bhat,7,2024-05-20,JEE Main Mock 07,357,1132,31.54,81,19.19
STU047,Avni Krishnan,7,2024-05-20,JEE Main Mock 07,353,1132,31.18,82,18.18
STU067,Puja Pillai,7,2024-05-20,JEE Main Mock 07,349,1132,30.83,83,17.17
STU066,Harsh Saxena,7,2024-05-20,JEE Main Mock 07,345,1132,30.48,84,16.16
STU045,Anaya Iyer,7,2024-05-20,JEE Main Mock 07,343,1132,30.3,85,15.15
STU069,Amit Sharma,7,2024-05-20,JEE Main Mock 07,343,1132,30.3,86,14.14
STU019,Isha Bhat,7,2024-05-20,JEE Main Mock 07,332,1132,29.33,87,13.13
STU038,Sandeep Dubey,7,2024-05-20,JEE Main Mock 07,332,1132,29.33,88,12.12
STU077,Sai Patel,7,2024-05-20,JEE Main Mock 07,322,1132,28.45,89,11.11
STU091,Arnav Iyer,7,2024-05-20,JEE Main Mock 07,322,1132,28.45,90,10.1
STU055,Naman Iyer,7,2024-05-20,JEE Main Mock 07,319,1132,28.18,91,9.09
STU058,Varun Bhat,7,2024-05-20,JEE Main Mock 07,319,1132,28.18,92,8.08
STU044,Meena Tiwari,7,2024-05-20,JEE Main Mock 07,317,1132,28.0,93,7.07
STU084,Navya Shah,7,2024-05-20,JEE Main Mock 07,316,1132,27.92,94,6.06
STU090,Neha Subramaniam,7,2024-05-20,JEE Main Mock 07,311,1132,27.47,95,5.05
STU028,Sunita Chaturvedi,7,2024-05-20,JEE Main Mock 07,266,1132,23.5,96,4.04
STU030,Tanvi Mehta,7,2024-05-20,JEE Main Mock 07,220,1132,19.43,97,3.03
STU072,Sunita Singh,7,2024-05-20,JEE Main Mock 07,217,1132,19.17,98,2.02
STU068,Dev Joshi,7,2024-05-20,JEE Main Mock 07,183,1132,16.17,99,1.01
STU061,Ajay Chaturvedi,7,2024-05-20,JEE Main Mock 07,173,1132,15.28,100,0.0
STU017,Ravi Tripathi,8,2024-06-10,JEE Main Mock 08,739,1132,65.28,1,100.0
STU041,Karan Menon,8,2024-06-10,JEE Main Mock 08,718,1132,63.43,2,98.99
STU035,Shreya Shah,8,2024-06-10,JEE Main Mock 08,665,1132,58.75,3,97.98
STU012,Vishal Mehta,8,2024-06-10,JEE Main Mock 08,663,1132,58.57,4,96.97
STU093,Ashish Tripathi,8,2024-06-10,JEE Main Mock 08,659,1132,58.22,5,95.96
STU036,Lakshay Tripathi,8,2024-06-10,JEE Main Mock 08,634,1132,56.01,6,94.95
STU062,Om Bhat,8,2024-06-10,JEE Main Mock 08,634,1132,56.01,7,93.94
STU005,Shreya Iyer,8,2024-06-10,JEE Main Mock 08,629,1132,55.57,8,92.93
STU080,Priya Krishnan,8,2024-06-10,JEE Main Mock 08,613,1132,54.15,9,91.92
STU001,Rekha Kumar,8,2024-06-10,JEE Main Mock 08,610,1132,53.89,10,90.91
STU015,Amit Menon,8,2024-06-10,JEE Main Mock 08,597,1132,52.74,11,89.9
STU050,Lokesh Mehta,8,2024-06-10,JEE Main Mock 08,590,1132,52.12,12,88.89
STU053,Sneha Reddy,8,2024-06-10,JEE Main Mock 08,584,1132,51.59,13,87.88
STU054,Puja Bhat,8,2024-06-10,JEE Main Mock 08,584,1132,51.59,14,86.87
STU100,Kavya Shukla,8,2024-06-10,JEE Main Mock 08,580,1132,51.24,15,85.86
STU010,Arjun Iyer,8,2024-06-10,JEE Main Mock 08,573,1132,50.62,16,84.85
STU021,Sneha Shah,8,2024-06-10,JEE Main Mock 08,573,1132,50.62,17,83.84
STU042,Vivaan Kumar,8,2024-06-10,JEE Main Mock 08,573,1132,50.62,18,82.83
STU098,Gaurav Nair,8,2024-06-10,JEE Main Mock 08,569,1132,50.27,19,81.82
STU013,Pinki Verma,8,2024-06-10,JEE Main Mock 08,556,1132,49.12,20,80.81
STU064,Shaurya Gupta,8,2024-06-10,JEE Main Mock 08,551,1132,48.67,21,79.8
STU073,Arnav Tiwari,8,2024-06-10,JEE Main Mock 08,547,1132,48.32,22,78.79
STU082,Anita Bhat,8,2024-06-10,JEE Main Mock 08,547,1132,48.32,23,77.78
STU085,Puja Chaturvedi,8,2024-06-10,JEE Main Mock 08,547,1132,48.32,24,76.77
STU022,Krishna Joshi,8,2024-06-10,JEE Main Mock 08,536,1132,47.35,25,75.76
STU065,Pawan Agarwal,8,2024-06-10,JEE Main Mock 08,535,1132,47.26,26,74.75
STU089,Pinki Saxena,8,2024-06-10,JEE Main Mock 08,534,1132,47.17,27,73.74
STU070,Aanya Verma,8,2024-06-10,JEE Main Mock 08,530,1132,46.82,28,72.73
STU020,Savita Saxena,8,2024-06-10,JEE Main Mock 08,526,1132,46.47,29,71.72
STU094,Savita Singh,8,2024-06-10,JEE Main Mock 08,526,1132,46.47,30,70.71
STU004,Arnav Yadav,8,2024-06-10,JEE Main Mock 08,524,1132,46.29,31,69.7
STU057,Sneha Tiwari,8,2024-06-10,JEE Main Mock 08,523,1132,46.2,32,68.69
STU007,Kiara Subramaniam,8,2024-06-10,JEE Main Mock 08,520,1132,45.94,33,67.68
STU033,Lokesh Singh,8,2024-06-10,JEE Main Mock 08,518,1132,45.76,34,66.67
STU056,Diya Reddy,8,2024-06-10,JEE Main Mock 08,517,1132,45.67,35,65.66
STU024,Kabir Pillai,8,2024-06-10,JEE Main Mock 08,513,1132,45.32,36,64.65
STU040,Rohit Pandey,8,2024-06-10,JEE Main Mock 08,513,1132,45.32,37,63.64
STU081,Vihaan Saxena,8,2024-06-10,JEE Main Mock 08,512,1132,45.23,38,62.63
STU096,Pratik Reddy,8,2024-06-10,JEE Main Mock 08,494,1132,43.64,39,61.62
STU003,Om Shukla,8,2024-06-10,JEE Main Mock 08,489,1132,43.2,40,60.61
STU051,Aadhya Pandey,8,2024-06-10,JEE Main Mock 08,489,1132,43.2,41,59.6
STU018,Raj Saxena,8,2024-06-10,JEE Main Mock 08,488,1132,43.11,42,58.59
STU088,Divya Sharma,8,2024-06-10,JEE Main Mock 08,477,1132,42.14,43,57.58
STU029,Sumit Yadav,8,2024-06-10,JEE Main Mock 08,476,1132,42.05,44,56.57
STU037,Priya Patel,8,2024-06-10,JEE Main Mock 08,476,1132,42.05,45,55.56
STU009,Gaurav Shah,8,2024-06-10,JEE Main Mock 08,474,1132,41.87,46,54.55
STU025,Advik Kumar,8,2024-06-10,JEE Main Mock 08,470,1132,41.52,47,53.54
STU016,Nisha Pandey,8,2024-06-10,JEE Main Mock 08,468,1132,41.34,48,52.53
STU011,Sunita Saxena,8,2024-06-10,JEE Main Mock 08,467,1132,41.25,49,51.52
STU031,Pooja Yadav,8,2024-06-10,JEE Main Mock 08,467,1132,41.25,50,50.51
STU023,Krishna Bhat,8,2024-06-10,JEE Main Mock 08,466,1132,41.17,51,49.49
STU032,Sumit Srivastava,8,2024-06-10,JEE Main Mock 08,466,1132,41.17,52,48.48
STU063,Rohit Rao,8,2024-06-10,JEE Main Mock 08,462,1132,40.81,53,47.47
STU039,Sandeep Gupta,8,2024-06-10,JEE Main Mock 08,461,1132,40.72,54,46.46
STU002,Akash Verma,8,2024-06-10,JEE Main Mock 08,460,1132,40.64,55,45.45
STU046,Radha Iyer,8,2024-06-10,JEE Main Mock 08,460,1132,40.64,56,44.44
STU075,Vihaan Kaur,8,2024-06-10,JEE Main Mock 08,459,1132,40.55,57,43.43
STU069,Amit Sharma,8,2024-06-10,JEE Main Mock 08,456,1132,40.28,58,42.42
STU079,Suresh Rao,8,2024-06-10,JEE Main Mock 08,456,1132,40.28,59,41.41
STU083,Ritesh Menon,8,2024-06-10,JEE Main Mock 08,456,1132,40.28,60,40.4
STU052,Naman Singh,8,2024-06-10,JEE Main Mock 08,455,1132,40.19,61,39.39
STU060,Suresh Agarwal,8,2024-06-10,JEE Main Mock 08,448,1132,39.58,62,38.38
STU095,Arjun Tiwari,8,2024-06-10,JEE Main Mock 08,446,1132,39.4,63,37.37
STU099,Sai Bhat,8,2024-06-10,JEE Main Mock 08,441,1132,38.96,64,36.36
STU014,Harsh Tripathi,8,2024-06-10,JEE Main Mock 08,440,1132,38.87,65,35.35
STU049,Amit Joshi,8,2024-06-10,JEE Main Mock 08,440,1132,38.87,66,34.34
STU067,Puja Pillai,8,2024-06-10,JEE Main Mock 08,435,1132,38.43,67,33.33
STU048,Aadhya Shah,8,2024-06-10,JEE Main Mock 08,432,1132,38.16,68,32.32
STU008,Lata Pandey,8,2024-06-10,JEE Main Mock 08,425,1132,37.54,69,31.31
STU092,Lokesh Iyer,8,2024-06-10,JEE Main Mock 08,425,1132,37.54,70,30.3
STU087,Pratik Menon,8,2024-06-10,JEE Main Mock 08,419,1132,37.01,71,29.29
STU097,Ishaan Verma,8,2024-06-10,JEE Main Mock 08,416,1132,36.75,72,28.28
STU026,Parth Pillai,8,2024-06-10,JEE Main Mock 08,413,1132,36.48,73,27.27
STU006,Ritu Bhat,8,2024-06-10,JEE Main Mock 08,406,1132,35.87,74,26.26
STU091,Arnav Iyer,8,2024-06-10,JEE Main Mock 08,405,1132,35.78,75,25.25
STU047,Avni Krishnan,8,2024-06-10,JEE Main Mock 08,401,1132,35.42,76,24.24
STU059,Usha Sharma,8,2024-06-10,JEE Main Mock 08,401,1132,35.42,77,23.23
STU066,Harsh Saxena,8,2024-06-10,JEE Main Mock 08,394,1132,34.81,78,22.22
STU074,Diya Tripathi,8,2024-06-10,JEE Main Mock 08,392,1132,34.63,79,21.21
STU077,Sai Patel,8,2024-06-10,JEE Main Mock 08,391,1132,34.54,80,20.2
STU084,Navya Shah,8,2024-06-10,JEE Main Mock 08,384,1132,33.92,81,19.19
STU043,Naman Gupta,8,2024-06-10,JEE Main Mock 08,383,1132,33.83,82,18.18
STU027,Aanya Pandey,8,2024-06-10,JEE Main Mock 08,372,1132,32.86,83,17.17
STU045,Anaya Iyer,8,2024-06-10,JEE Main Mock 08,372,1132,32.86,84,16.16
STU034,Shaurya Mehta,8,2024-06-10,JEE Main Mock 08,362,1132,31.98,85,15.15
STU071,Pinki Krishnan,8,2024-06-10,JEE Main Mock 08,361,1132,31.89,86,14.14
STU038,Sandeep Dubey,8,2024-06-10,JEE Main Mock 08,358,1132,31.63,87,13.13
STU076,Pratik Nair,8,2024-06-10,JEE Main Mock 08,357,1132,31.54,88,12.12
STU028,Sunita Chaturvedi,8,2024-06-10,JEE Main Mock 08,356,1132,31.45,89,11.11
STU055,Naman Iyer,8,2024-06-10,JEE Main Mock 08,356,1132,31.45,90,10.1
STU019,Isha Bhat,8,2024-06-10,JEE Main Mock 08,353,1132,31.18,91,9.09
STU090,Neha Subramaniam,8,2024-06-10,JEE Main Mock 08,347,1132,30.65,92,8.08
STU086,Dhruv Pillai,8,2024-06-10,JEE Main Mock 08,341,1132,30.12,93,7.07
STU078,Pranav Mehta,8,2024-06-10,JEE Main Mock 08,279,1132,24.65,94,6.06
STU044,Meena Tiwari,8,2024-06-10,JEE Main Mock 08,276,1132,24.38,95,5.05
STU058,Varun Bhat,8,2024-06-10,JEE Main Mock 08,273,1132,24.12,96,4.04
STU072,Sunita Singh,8,2024-06-10,JEE Main Mock 08,272,1132,24.03,97,3.03
STU030,Tanvi Mehta,8,2024-06-10,JEE Main Mock 08,232,1132,20.49,98,2.02
STU068,Dev Joshi,8,2024-06-10,JEE Main Mock 08,204,1132,18.02,99,1.01
STU061,Ajay Chaturvedi,8,2024-06-10,JEE Main Mock 08,183,1132,16.17,100,0.0
STU041,Karan Menon,9,2024-07-01,JEE Main Mock 09,734,1132,64.84,1,100.0
STU062,Om Bhat,9,2024-07-01,JEE Main Mock 09,719,1132,63.52,2,98.99
STU017,Ravi Tripathi,9,2024-07-01,JEE Main Mock 09,706,1132,62.37,3,97.98
STU050,Lokesh Mehta,9,2024-07-01,JEE Main Mock 09,688,1132,60.78,4,96.97
STU005,Shreya Iyer,9,2024-07-01,JEE Main Mock 09,681,1132,60.16,5,95.96
STU093,Ashish Tripathi,9,2024-07-01,JEE Main Mock 09,674,1132,59.54,6,94.95
STU010,Arjun Iyer,9,2024-07-01,JEE Main Mock 09,669,1132,59.1,7,93.94
STU012,Vishal Mehta,9,2024-07-01,JEE Main Mock 09,662,1132,58.48,8,92.93
STU035,Shreya Shah,9,2024-07-01,JEE Main Mock 09,652,1132,57.6,9,91.92
STU036,Lakshay Tripathi,9,2024-07-01,JEE Main Mock 09,650,1132,57.42,10,90.91
STU054,Puja Bhat,9,2024-07-01,JEE Main Mock 09,623,1132,55.04,11,89.9
STU081,Vihaan Saxena,9,2024-07-01,JEE Main Mock 09,604,1132,53.36,12,88.89
STU021,Sneha Shah,9,2024-07-01,JEE Main Mock 09,587,1132,51.86,13,87.88
STU098,Gaurav Nair,9,2024-07-01,JEE Main Mock 09,584,1132,51.59,14,86.87
STU001,Rekha Kumar,9,2024-07-01,JEE Main Mock 09,579,1132,51.15,15,85.86
STU032,Sumit Srivastava,9,2024-07-01,JEE Main Mock 09,578,1132,51.06,16,84.85
STU073,Arnav Tiwari,9,2024-07-01,JEE Main Mock 09,577,1132,50.97,17,83.84
STU015,Amit Menon,9,2024-07-01,JEE Main Mock 09,574,1132,50.71,18,82.83
STU056,Diya Reddy,9,2024-07-01,JEE Main Mock 09,571,1132,50.44,19,81.82
STU079,Suresh Rao,9,2024-07-01,JEE Main Mock 09,571,1132,50.44,20,80.81
STU094,Savita Singh,9,2024-07-01,JEE Main Mock 09,564,1132,49.82,21,79.8
STU089,Pinki Saxena,9,2024-07-01,JEE Main Mock 09,562,1132,49.65,22,78.79
STU023,Krishna Bhat,9,2024-07-01,JEE Main Mock 09,561,1132,49.56,23,77.78
STU024,Kabir Pillai,9,2024-07-01,JEE Main Mock 09,556,1132,49.12,24,76.77
STU051,Aadhya Pandey,9,2024-07-01,JEE Main Mock 09,556,1132,49.12,25,75.76
STU026,Parth Pillai,9,2024-07-01,JEE Main Mock 09,552,1132,48.76,26,74.75
STU013,Pinki Verma,9,2024-07-01,JEE Main Mock 09,550,1132,48.59,27,73.74
STU016,Nisha Pandey,9,2024-07-01,JEE Main Mock 09,550,1132,48.59,28,72.73
STU037,Priya Patel,9,2024-07-01,JEE Main Mock 09,550,1132,48.59,29,71.72
STU029,Sumit Yadav,9,2024-07-01,JEE Main Mock 09,549,1132,48.5,30,70.71
STU042,Vivaan Kumar,9,2024-07-01,JEE Main Mock 09,548,1132,48.41,31,69.7
STU014,Harsh Tripathi,9,2024-07-01,JEE Main Mock 09,543,1132,47.97,32,68.69
STU100,Kavya Shukla,9,2024-07-01,JEE Main Mock 09,542,1132,47.88,33,67.68
STU033,Lokesh Singh,9,2024-07-01,JEE Main Mock 09,534,1132,47.17,34,66.67
STU065,Pawan Agarwal,9,2024-07-01,JEE Main Mock 09,532,1132,47.0,35,65.66
STU064,Shaurya Gupta,9,2024-07-01,JEE Main Mock 09,531,1132,46.91,36,64.65
STU003,Om Shukla,9,2024-07-01,JEE Main Mock 09,530,1132,46.82,37,63.64
STU040,Rohit Pandey,9,2024-07-01,JEE Main Mock 09,530,1132,46.82,38,62.63
STU085,Puja Chaturvedi,9,2024-07-01,JEE Main Mock 09,527,1132,46.55,39,61.62
STU080,Priya Krishnan,9,2024-07-01,JEE Main Mock 09,522,1132,46.11,40,60.61
STU070,Aanya Verma,9,2024-07-01,JEE Main Mock 09,519,1132,45.85,41,59.6
STU049,Amit Joshi,9,2024-07-01,JEE Main Mock 09,517,1132,45.67,42,58.59
STU018,Raj Saxena,9,2024-07-01,JEE Main Mock 09,512,1132,45.23,43,57.58
STU095,Arjun Tiwari,9,2024-07-01,JEE Main Mock 09,512,1132,45.23,44,56.57
STU097,Ishaan Verma,9,2024-07-01,JEE Main Mock 09,511,1132,45.14,45,55.56
STU004,Arnav Yadav,9,2024-07-01,JEE Main Mock 09,504,1132,44.52,46,54.55
STU020,Savita Saxena,9,2024-07-01,JEE Main Mock 09,490,1132,43.29,47,53.54
STU043,Naman Gupta,9,2024-07-01,JEE Main Mock 09,490,1132,43.29,48,52.53
STU027,Aanya Pandey,9,2024-07-01,JEE Main Mock 09,484,1132,42.76,49,51.52
STU096,Pratik Reddy,9,2024-07-01,JEE Main Mock 09,480,1132,42.4,50,50.51
STU007,Kiara Subramaniam,9,2024-07-01,JEE Main Mock 09,478,1132,42.23,51,49.49
STU022,Krishna Joshi,9,2024-07-01,JEE Main Mock 09,476,1132,42.05,52,48.48
STU057,Sneha Tiwari,9,2024-07-01,JEE Main Mock 09,474,1132,41.87,53,47.47
STU031,Pooja Yadav,9,2024-07-01,JEE Main Mock 09,470,1132,41.52,54,46.46
STU052,Naman Singh,9,2024-07-01,JEE Main Mock 09,464,1132,40.99,55,45.45
STU087,Pratik Menon,9,2024-07-01,JEE Main Mock 09,461,1132,40.72,56,44.44
STU099,Sai Bhat,9,2024-07-01,JEE Main Mock 09,461,1132,40.72,57,43.43
STU002,Akash Verma,9,2024-07-01,JEE Main Mock 09,454,1132,40.11,58,42.42
STU053,Sneha Reddy,9,2024-07-01,JEE Main Mock 09,449,1132,39.66,59,41.41
STU088,Divya Sharma,9,2024-07-01,JEE Main Mock 09,445,1132,39.31,60,40.4
STU025,Advik Kumar,9,2024-07-01,JEE Main Mock 09,444,1132,39.22,61,39.39
STU034,Shaurya Mehta,9,2024-07-01,JEE Main Mock 09,443,1132,39.13,62,38.38
STU092,Lokesh Iyer,9,2024-07-01,JEE Main Mock 09,441,1132,38.96,63,37.37
STU069,Amit Sharma,9,2024-07-01,JEE Main Mock 09,440,1132,38.87,64,36.36
STU009,Gaurav Shah,9,2024-07-01,JEE Main Mock 09,438,1132,38.69,65,35.35
STU038,Sandeep Dubey,9,2024-07-01,JEE Main Mock 09,437,1132,38.6,66,34.34
STU011,Sunita Saxena,9,2024-07-01,JEE Main Mock 09,433,1132,38.25,67,33.33
STU048,Aadhya Shah,9,2024-07-01,JEE Main Mock 09,432,1132,38.16,68,32.32
STU060,Suresh Agarwal,9,2024-07-01,JEE Main Mock 09,430,1132,37.99,69,31.31
STU077,Sai Patel,9,2024-07-01,JEE Main Mock 09,430,1132,37.99,70,30.3
STU008,Lata Pandey,9,2024-07-01,JEE Main Mock 09,426,1132,37.63,71,29.29
STU082,Anita Bhat,9,2024-07-01,JEE Main Mock 09,418,1132,36.93,72,28.28
STU074,Diya Tripathi,9,2024-07-01,JEE Main Mock 09,417,1132,36.84,73,27.27
STU075,Vihaan Kaur,9,2024-07-01,JEE Main Mock 09,416,1132,36.75,74,26.26
STU006,Ritu Bhat,9,2024-07-01,JEE Main Mock 09,415,1132,36.66,75,25.25
STU083,Ritesh Menon,9,2024-07-01,JEE Main Mock 09,414,1132,36.57,76,24.24
STU086,Dhruv Pillai,9,2024-07-01,JEE Main Mock 09,414,1132,36.57,77,23.23
STU063,Rohit Rao,9,2024-07-01,JEE Main Mock 09,411,1132,36.31,78,22.22
STU028,Sunita Chaturvedi,9,2024-07-01,JEE Main Mock 09,409,1132,36.13,79,21.21
STU045,Anaya Iyer,9,2024-07-01,JEE Main Mock 09,409,1132,36.13,80,20.2
STU071,Pinki Krishnan,9,2024-07-01,JEE Main Mock 09,408,1132,36.04,81,19.19
STU066,Harsh Saxena,9,2024-07-01,JEE Main Mock 09,398,1132,35.16,82,18.18
STU084,Navya Shah,9,2024-07-01,JEE Main Mock 09,397,1132,35.07,83,17.17
STU039,Sandeep Gupta,9,2024-07-01,JEE Main Mock 09,393,1132,34.72,84,16.16
STU076,Pratik Nair,9,2024-07-01,JEE Main Mock 09,392,1132,34.63,85,15.15
STU091,Arnav Iyer,9,2024-07-01,JEE Main Mock 09,392,1132,34.63,86,14.14
STU059,Usha Sharma,9,2024-07-01,JEE Main Mock 09,385,1132,34.01,87,13.13
STU055,Naman Iyer,9,2024-07-01,JEE Main Mock 09,375,1132,33.13,88,12.12
STU046,Radha Iyer,9,2024-07-01,JEE Main Mock 09,365,1132,32.24,89,11.11
STU078,Pranav Mehta,9,2024-07-01,JEE Main Mock 09,355,1132,31.36,90,10.1
STU067,Puja Pillai,9,2024-07-01,JEE Main Mock 09,340,1132,30.04,91,9.09
STU090,Neha Subramaniam,9,2024-07-01,JEE Main Mock 09,334,1132,29.51,92,8.08
STU044,Meena Tiwari,9,2024-07-01,JEE Main Mock 09,327,1132,28.89,93,7.07
STU019,Isha Bhat,9,2024-07-01,JEE Main Mock 09,313,1132,27.65,94,6.06
STU030,Tanvi Mehta,9,2024-07-01,JEE Main Mock 09,307,1132,27.12,95,5.05
STU058,Varun Bhat,9,2024-07-01,JEE Main Mock 09,302,1132,26.68,96,4.04
STU047,Avni Krishnan,9,2024-07-01,JEE Main Mock 09,301,1132,26.59,97,3.03
STU072,Sunita Singh,9,2024-07-01,JEE Main Mock 09,288,1132,25.44,98,2.02
STU061,Ajay Chaturvedi,9,2024-07-01,JEE Main Mock 09,271,1132,23.94,99,1.01
STU068,Dev Joshi,9,2024-07-01,JEE Main Mock 09,250,1132,22.08,100,0.0
STU041,Karan Menon,10,2024-07-22,JEE Main Mock 10,761,1132,67.23,1,100.0
STU093,Ashish Tripathi,10,2024-07-22,JEE Main Mock 10,702,1132,62.01,2,98.99
STU001,Rekha Kumar,10,2024-07-22,JEE Main Mock 10,701,1132,61.93,3,97.98
STU012,Vishal Mehta,10,2024-07-22,JEE Main Mock 10,676,1132,59.72,4,96.97
STU005,Shreya Iyer,10,2024-07-22,JEE Main Mock 10,674,1132,59.54,5,95.96
STU021,Sneha Shah,10,2024-07-22,JEE Main Mock 10,658,1132,58.13,6,94.95
STU017,Ravi Tripathi,10,2024-07-22,JEE Main Mock 10,657,1132,58.04,7,93.94
STU098,Gaurav Nair,10,2024-07-22,JEE Main Mock 10,649,1132,57.33,8,92.93
STU062,Om Bhat,10,2024-07-22,JEE Main Mock 10,642,1132,56.71,9,91.92
STU013,Pinki Verma,10,2024-07-22,JEE Main Mock 10,631,1132,55.74,10,90.91
STU050,Lokesh Mehta,10,2024-07-22,JEE Main Mock 10,626,1132,55.3,11,89.9
STU054,Puja Bhat,10,2024-07-22,JEE Main Mock 10,624,1132,55.12,12,88.89
STU064,Shaurya Gupta,10,2024-07-22,JEE Main Mock 10,624,1132,55.12,13,87.88
STU073,Arnav Tiwari,10,2024-07-22,JEE Main Mock 10,618,1132,54.59,14,86.87
STU023,Krishna Bhat,10,2024-07-22,JEE Main Mock 10,613,1132,54.15,15,85.86
STU081,Vihaan Saxena,10,2024-07-22,JEE Main Mock 10,608,1132,53.71,16,84.85
STU035,Shreya Shah,10,2024-07-22,JEE Main Mock 10,605,1132,53.45,17,83.84
STU010,Arjun Iyer,10,2024-07-22,JEE Main Mock 10,599,1132,52.92,18,82.83
STU040,Rohit Pandey,10,2024-07-22,JEE Main Mock 10,594,1132,52.47,19,81.82
STU036,Lakshay Tripathi,10,2024-07-22,JEE Main Mock 10,593,1132,52.39,20,80.81
STU100,Kavya Shukla,10,2024-07-22,JEE Main Mock 10,593,1132,52.39,21,79.8
STU015,Amit Menon,10,2024-07-22,JEE Main Mock 10,588,1132,51.94,22,78.79
STU079,Suresh Rao,10,2024-07-22,JEE Main Mock 10,586,1132,51.77,23,77.78
STU053,Sneha Reddy,10,2024-07-22,JEE Main Mock 10,580,1132,51.24,24,76.77
STU089,Pinki Saxena,10,2024-07-22,JEE Main Mock 10,580,1132,51.24,25,75.76
STU022,Krishna Joshi,10,2024-07-22,JEE Main Mock 10,576,1132,50.88,26,74.75
STU002,Akash Verma,10,2024-07-22,JEE Main Mock 10,569,1132,50.27,27,73.74
STU085,Puja Chaturvedi,10,2024-07-22,JEE Main Mock 10,565,1132,49.91,28,72.73
STU033,Lokesh Singh,10,2024-07-22,JEE Main Mock 10,564,1132,49.82,29,71.72
STU042,Vivaan Kumar,10,2024-07-22,JEE Main Mock 10,557,1132,49.2,30,70.71
STU070,Aanya Verma,10,2024-07-22,JEE Main Mock 10,555,1132,49.03,31,69.7
STU080,Priya Krishnan,10,2024-07-22,JEE Main Mock 10,550,1132,48.59,32,68.69
STU026,Parth Pillai,10,2024-07-22,JEE Main Mock 10,549,1132,48.5,33,67.68
STU031,Pooja Yadav,10,2024-07-22,JEE Main Mock 10,542,1132,47.88,34,66.67
STU056,Diya Reddy,10,2024-07-22,JEE Main Mock 10,538,1132,47.53,35,65.66
STU016,Nisha Pandey,10,2024-07-22,JEE Main Mock 10,537,1132,47.44,36,64.65
STU060,Suresh Agarwal,10,2024-07-22,JEE Main Mock 10,526,1132,46.47,37,63.64
STU009,Gaurav Shah,10,2024-07-22,JEE Main Mock 10,524,1132,46.29,38,62.63
STU063,Rohit Rao,10,2024-07-22,JEE Main Mock 10,523,1132,46.2,39,61.62
STU096,Pratik Reddy,10,2024-07-22,JEE Main Mock 10,520,1132,45.94,40,60.61
STU029,Sumit Yadav,10,2024-07-22,JEE Main Mock 10,519,1132,45.85,41,59.6
STU037,Priya Patel,10,2024-07-22,JEE Main Mock 10,511,1132,45.14,42,58.59
STU051,Aadhya Pandey,10,2024-07-22,JEE Main Mock 10,510,1132,45.05,43,57.58
STU082,Anita Bhat,10,2024-07-22,JEE Main Mock 10,510,1132,45.05,44,56.57
STU065,Pawan Agarwal,10,2024-07-22,JEE Main Mock 10,508,1132,44.88,45,55.56
STU095,Arjun Tiwari,10,2024-07-22,JEE Main Mock 10,506,1132,44.7,46,54.55
STU088,Divya Sharma,10,2024-07-22,JEE Main Mock 10,505,1132,44.61,47,53.54
STU032,Sumit Srivastava,10,2024-07-22,JEE Main Mock 10,504,1132,44.52,48,52.53
STU014,Harsh Tripathi,10,2024-07-22,JEE Main Mock 10,503,1132,44.43,49,51.52
STU027,Aanya Pandey,10,2024-07-22,JEE Main Mock 10,501,1132,44.26,50,50.51
STU069,Amit Sharma,10,2024-07-22,JEE Main Mock 10,500,1132,44.17,51,49.49
STU059,Usha Sharma,10,2024-07-22,JEE Main Mock 10,492,1132,43.46,52,48.48
STU024,Kabir Pillai,10,2024-07-22,JEE Main Mock 10,489,1132,43.2,53,47.47
STU007,Kiara Subramaniam,10,2024-07-22,JEE Main Mock 10,487,1132,43.02,54,46.46
STU092,Lokesh Iyer,10,2024-07-22,JEE Main Mock 10,487,1132,43.02,55,45.45
STU083,Ritesh Menon,10,2024-07-22,JEE Main Mock 10,483,1132,42.67,56,44.44
STU048,Aadhya Shah,10,2024-07-22,JEE Main Mock 10,473,1132,41.78,57,43.43
STU052,Naman Singh,10,2024-07-22,JEE Main Mock 10,473,1132,41.78,58,42.42
STU003,Om Shukla,10,2024-07-22,JEE Main Mock 10,472,1132,41.7,59,41.41
STU039,Sandeep Gupta,10,2024-07-22,JEE Main Mock 10,472,1132,41.7,60,40.4
STU004,Arnav Yadav,10,2024-07-22,JEE Main Mock 10,470,1132,41.52,61,39.39
STU094,Savita Singh,10,2024-07-22,JEE Main Mock 10,470,1132,41.52,62,38.38
STU018,Raj Saxena,10,2024-07-22,JEE Main Mock 10,468,1132,41.34,63,37.37
STU076,Pratik Nair,10,2024-07-22,JEE Main Mock 10,468,1132,41.34,64,36.36
STU057,Sneha Tiwari,10,2024-07-22,JEE Main Mock 10,467,1132,41.25,65,35.35
STU020,Savita Saxena,10,2024-07-22,JEE Main Mock 10,466,1132,41.17,66,34.34
STU025,Advik Kumar,10,2024-07-22,JEE Main Mock 10,464,1132,40.99,67,33.33
STU087,Pratik Menon,10,2024-07-22,JEE Main Mock 10,463,1132,40.9,68,32.32
STU099,Sai Bhat,10,2024-07-22,JEE Main Mock 10,457,1132,40.37,69,31.31
STU006,Ritu Bhat,10,2024-07-22,JEE Main Mock 10,444,1132,39.22,70,30.3
STU077,Sai Patel,10,2024-07-22,JEE Main Mock 10,441,1132,38.96,71,29.29
STU043,Naman Gupta,10,2024-07-22,JEE Main Mock 10,435,1132,38.43,72,28.28
STU075,Vihaan Kaur,10,2024-07-22,JEE Main Mock 10,432,1132,38.16,73,27.27
STU008,Lata Pandey,10,2024-07-22,JEE Main Mock 10,431,1132,38.07,74,26.26
STU049,Amit Joshi,10,2024-07-22,JEE Main Mock 10,430,1132,37.99,75,25.25
STU071,Pinki Krishnan,10,2024-07-22,JEE Main Mock 10,418,1132,36.93,76,24.24
STU011,Sunita Saxena,10,2024-07-22,JEE Main Mock 10,414,1132,36.57,77,23.23
STU097,Ishaan Verma,10,2024-07-22,JEE Main Mock 10,411,1132,36.31,78,22.22
STU090,Neha Subramaniam,10,2024-07-22,JEE Main Mock 10,409,1132,36.13,79,21.21
STU078,Pranav Mehta,10,2024-07-22,JEE Main Mock 10,407,1132,35.95,80,20.2
STU038,Sandeep Dubey,10,2024-07-22,JEE Main Mock 10,404,1132,35.69,81,19.19
STU086,Dhruv Pillai,10,2024-07-22,JEE Main Mock 10,404,1132,35.69,82,18.18
STU046,Radha Iyer,10,2024-07-22,JEE Main Mock 10,389,1132,34.36,83,17.17
STU074,Diya Tripathi,10,2024-07-22,JEE Main Mock 10,386,1132,34.1,84,16.16
STU045,Anaya Iyer,10,2024-07-22,JEE Main Mock 10,383,1132,33.83,85,15.15
STU067,Puja Pillai,10,2024-07-22,JEE Main Mock 10,381,1132,33.66,86,14.14
STU066,Harsh Saxena,10,2024-07-22,JEE Main Mock 10,369,1132,32.6,87,13.13
STU047,Avni Krishnan,10,2024-07-22,JEE Main Mock 10,367,1132,32.42,88,12.12
STU091,Arnav Iyer,10,2024-07-22,JEE Main Mock 10,361,1132,31.89,89,11.11
STU034,Shaurya Mehta,10,2024-07-22,JEE Main Mock 10,353,1132,31.18,90,10.1
STU028,Sunita Chaturvedi,10,2024-07-22,JEE Main Mock 10,346,1132,30.57,91,9.09
STU019,Isha Bhat,10,2024-07-22,JEE Main Mock 10,344,1132,30.39,92,8.08
STU072,Sunita Singh,10,2024-07-22,JEE Main Mock 10,344,1132,30.39,93,7.07
STU058,Varun Bhat,10,2024-07-22,JEE Main Mock 10,339,1132,29.95,94,6.06
STU084,Navya Shah,10,2024-07-22,JEE Main Mock 10,339,1132,29.95,95,5.05
STU055,Naman Iyer,10,2024-07-22,JEE Main Mock 10,338,1132,29.86,96,4.04
STU044,Meena Tiwari,10,2024-07-22,JEE Main Mock 10,322,1132,28.45,97,3.03
STU061,Ajay Chaturvedi,10,2024-07-22,JEE Main Mock 10,264,1132,23.32,98,2.02
STU068,Dev Joshi,10,2024-07-22,JEE Main Mock 10,231,1132,20.41,99,1.01
STU030,Tanvi Mehta,10,2024-07-22,JEE Main Mock 10,226,1132,19.96,100,0.0
